010006	北海道	011011	札幌市 中央区	43.061414	141.35389
010006	北海道	011029	札幌市 北区	43.090693	141.340882
010006	北海道	011037	札幌市 東区	43.076242	141.363662
010006	北海道	011045	札幌市 白石区	43.045637	141.396521
010006	北海道	011053	札幌市 豊平区	43.03137	141.379974
010006	北海道	011061	札幌市 南区	42.989995	141.353496
010006	北海道	011070	札幌市 西区	43.074347	141.300898
010006	北海道	011088	札幌市 厚別区	43.036213	141.474733
010006	北海道	011096	札幌市 手稲区	43.121972	141.24578200000002
010006	北海道	011100	札幌市 清田区	42.999432	141.443842
010006	北海道	012025	函館市	41.768712	140.729108
010006	北海道	012033	小樽市	43.19075267	140.9946054
010006	北海道	012041	旭川市	43.771404	142.365314
010006	北海道	012050	室蘭市	42.315204	140.973784
010006	北海道	012068	釧路市	42.984856	144.38167
010006	北海道	012076	帯広市	42.924014	143.196195
010006	北海道	012084	北見市	43.803066	143.894806
010006	北海道	012092	夕張市	43.056814	141.974069
010006	北海道	012106	岩見沢市	43.196169	141.775857
010006	北海道	012114	網走市	44.020631	144.273422
010006	北海道	012122	留萌市	43.940987	141.637009
010006	北海道	012131	苫小牧市	42.634094	141.605503
010006	北海道	012149	稚内市	45.415675	141.673082
010006	北海道	012157	美唄市	43.332951	141.853986
010006	北海道	012165	芦別市	43.51821	142.189552
010006	北海道	012173	江別市	43.103666	141.536103
010006	北海道	012181	赤平市	43.558039	142.044223
010006	北海道	012190	紋別市	44.356332	143.354279
010006	北海道	012203	士別市	44.178626	142.400182
010006	北海道	012211	名寄市	44.355924	142.463134
010006	北海道	012220	三笠市	43.245622	141.875342
010006	北海道	012238	根室市	43.330036	145.582903
010006	北海道	012246	千歳市	42.821124	141.651139
010006	北海道	012254	滝川市	43.557753	141.910371
010006	北海道	012262	砂川市	43.494254	141.902504
010006	北海道	012271	歌志内市	43.521682	142.035353
010006	北海道	012289	深川市	43.723184	142.053528
010006	北海道	012297	富良野市	43.342024	142.383104
010006	北海道	012301	登別市	42.412735	141.106556
010006	北海道	012319	恵庭市	42.882592	141.577799
010006	北海道	012335	伊達市	42.471898	140.86470200000002
010006	北海道	012343	北広島市	42.985663	141.563625
010006	北海道	012351	石狩市	43.171365	141.315514
010006	北海道	012360	北斗市	41.824174	140.653067
010006	北海道	013030	石狩郡 当別町	43.22363701	141.5170027
010006	北海道	013048	石狩郡 新篠津村	43.22536800000001	141.649247
010006	北海道	013315	松前郡 松前町	41.429981	140.110403
010006	北海道	013323	松前郡 福島町	41.483783	140.251315
010006	北海道	013331	上磯郡 知内町	41.598377	140.418861
010006	北海道	013340	上磯郡 木古内町	41.678332	140.437635
010006	北海道	013374	亀田郡 七飯町	41.895711	140.694405
010006	北海道	013439	茅部郡 鹿部町	42.026623	140.831691
010006	北海道	013455	茅部郡 森町	42.104992	140.576446
010006	北海道	013463	二海郡 八雲町	42.255918	140.265224
010006	北海道	013471	山越郡 長万部町	42.513488	140.380344
010006	北海道	013617	檜山郡 江差町	41.869244	140.12756
010006	北海道	013625	檜山郡 上ノ国町	41.80104200000001	140.121398
010006	北海道	013633	檜山郡 厚沢部町	41.920895	140.225475
010006	北海道	013641	爾志郡 乙部町	41.968504	140.13546
010006	北海道	013676	奥尻郡 奥尻町	42.17226	139.514121
010006	北海道	013706	瀬棚郡 今金町	42.429373	140.008766
010006	北海道	013714	久遠郡 せたな町	42.417145	139.882999
010006	北海道	013919	島牧郡 島牧村	42.700471	140.061454
010006	北海道	013927	寿都郡 寿都町	42.790984	140.228891
010006	北海道	013935	寿都郡 黒松内町	42.667788	140.307739
010006	北海道	013943	磯谷郡 蘭越町	42.809205	140.528346
010006	北海道	013951	虻田郡 ニセコ町	42.805036	140.68801
010006	北海道	013960	虻田郡 真狩村	42.762955	140.803669
010006	北海道	013978	虻田郡 留寿都村	42.737263	140.875574
010006	北海道	013986	虻田郡 喜茂別町	42.795439	140.934532
010006	北海道	013994	虻田郡 京極町	42.858216	140.883999
010006	北海道	014001	虻田郡 倶知安町	42.901752	140.758878
010006	北海道	014010	岩内郡 共和町	42.980407	140.611175
010006	北海道	014028	岩内郡 岩内町	42.979778	140.514729
010006	北海道	014036	古宇郡 泊村	43.063212	140.498857
010006	北海道	014044	古宇郡 神恵内村	43.143348	140.430776
010006	北海道	014052	積丹郡 積丹町	43.29871	140.598001
010006	北海道	014061	古平郡 古平町	43.264027	140.638711
010006	北海道	014079	余市郡 仁木町	43.151675	140.766168
010006	北海道	014087	余市郡 余市町	43.195343	140.783542
010006	北海道	014095	余市郡 赤井川村	43.083479	140.81364
010006	北海道	014231	空知郡 南幌町	43.063739	141.65033
010006	北海道	014249	空知郡 奈井江町	43.42535300000001	141.882816
010006	北海道	014257	空知郡 上砂川町	43.482538	141.984064
010006	北海道	014273	夕張郡 由仁町	42.999598	141.790309
010006	北海道	014281	夕張郡 長沼町	43.01034	141.695367
010006	北海道	014290	夕張郡 栗山町	43.05629	141.784099
010006	北海道	014303	樺戸郡 月形町	43.338397	141.669604
010006	北海道	014311	樺戸郡 浦臼町	43.430363	141.818727
010006	北海道	014320	樺戸郡 新十津川町	43.5485	141.877009
010006	北海道	014338	雨竜郡 妹背牛町	43.700093	141.961606
010006	北海道	014346	雨竜郡 秩父別町	43.767	141.957896
010006	北海道	014362	雨竜郡 雨竜町	43.643943	141.889036
010006	北海道	014371	雨竜郡 北竜町	43.731426	141.879409
010006	北海道	014389	雨竜郡 沼田町	43.806740000000005	141.933817
010006	北海道	014524	上川郡 鷹栖町	43.843321	142.354382
010006	北海道	014532	上川郡 東神楽町	43.69630300000001	142.451571
010006	北海道	014541	上川郡 当麻町	43.828201	142.508388
010006	北海道	014559	上川郡 比布町	43.875021	142.477699
010006	北海道	014567	上川郡 愛別町	43.906679	142.577822
010006	北海道	014575	上川郡 上川町	43.847128	142.770459
010006	北海道	014583	上川郡 東川町	43.698877	142.510128
010006	北海道	014591	上川郡 美瑛町	43.588279	142.467055
010006	北海道	014605	空知郡 上富良野町	43.455614	142.467112
010006	北海道	014613	空知郡 中富良野町	43.405576	142.425034
010006	北海道	014621	空知郡 南富良野町	43.164088	142.568522
010006	北海道	014630	勇払郡 占冠村	42.979836	142.398526
010006	北海道	014648	上川郡 和寒町	44.023119	142.413383
010006	北海道	014656	上川郡 剣淵町	44.095746	142.361007
010006	北海道	014681	上川郡 下川町	44.302576	142.635219
010006	北海道	014699	中川郡 美深町	44.480994	142.34296300000003
010006	北海道	014702	中川郡 音威子府村	44.725096	142.262458
010006	北海道	014711	中川郡 中川町	44.811488	142.071409
010006	北海道	014729	雨竜郡 幌加内町	44.009812	142.153828
010006	北海道	014818	増毛郡 増毛町	43.856063	141.524978
010006	北海道	014826	留萌郡 小平町	44.015141	141.662828
010006	北海道	014834	苫前郡 苫前町	44.306086	141.652932
010006	北海道	014842	苫前郡 羽幌町	44.36061	141.697249
010006	北海道	014851	苫前郡 初山別村	44.532149	141.766342
010006	北海道	014869	天塩郡 遠別町	44.722462	141.792322
010006	北海道	014877	天塩郡 天塩町	44.888121	141.745324
010006	北海道	015113	宗谷郡 猿払村	45.33061	142.108945
010006	北海道	015121	枝幸郡 浜頓別町	45.123716	142.35964
010006	北海道	015130	枝幸郡 中頓別町	44.96971	142.286705
010006	北海道	015148	枝幸郡 枝幸町	44.9387	142.581405
010006	北海道	015164	天塩郡 豊富町	45.102847	141.777508
010006	北海道	015172	礼文郡 礼文町	45.303062	141.047717
010006	北海道	015181	利尻郡 利尻町	45.187041	141.139597
010006	北海道	015199	利尻郡 利尻富士町	45.247459	141.214719
010006	北海道	015202	天塩郡 幌延町	45.017635	141.849386
010006	北海道	015431	網走郡 美幌町	43.823721000000006	144.107151
010006	北海道	015440	網走郡 津別町	43.706316	144.024803
010006	北海道	015458	斜里郡 斜里町	43.911441	144.670713
010006	北海道	015466	斜里郡 清里町	43.835224	144.594582
010006	北海道	015474	斜里郡 小清水町	43.857067	144.462554
010006	北海道	015491	常呂郡 訓子府町	43.725328	143.741665
010006	北海道	015504	常呂郡 置戸町	43.676328	143.586402
010006	北海道	015521	常呂郡 佐呂間町	44.017859	143.774714
010006	北海道	015555	紋別郡 遠軽町	44.061947	143.527726
010006	北海道	015598	紋別郡 湧別町	44.151465	143.572919
010006	北海道	015601	紋別郡 滝上町	44.19227	143.07765
010006	北海道	015610	紋別郡 興部町	44.469874	143.123699
010006	北海道	015628	紋別郡 西興部村	44.328833	142.944445
010006	北海道	015636	紋別郡 雄武町	44.582482	142.961863
010006	北海道	015644	網走郡 大空町	43.911858	144.172473
010006	北海道	015717	虻田郡 豊浦町	42.583464	140.711815
010006	北海道	015750	有珠郡 壮瞥町	42.552556	140.885472
010006	北海道	015784	白老郡 白老町	42.551259	141.355861
010006	北海道	015814	勇払郡 厚真町	42.723566	141.877841
010006	北海道	015849	虻田郡 洞爺湖町	42.551223	140.764128
010006	北海道	015857	勇払郡 安平町	42.762798	141.818047
010006	北海道	015865	勇払郡 むかわ町	42.574741	141.926761
010006	北海道	016012	沙流郡 日高町	42.480318	142.07435900000002
010006	北海道	016021	沙流郡 平取町	42.585098	142.128525
010006	北海道	016047	新冠郡 新冠町	42.362417	142.318315
010006	北海道	016071	浦河郡 浦河町	42.168355	142.768213
010006	北海道	016080	様似郡 様似町	42.127737	142.933797
010006	北海道	016098	幌泉郡 えりも町	42.016298	143.148348
010006	北海道	016101	日高郡 新ひだか町	42.341276	142.368588
010006	北海道	016314	河東郡 音更町	42.994115	143.197869
010006	北海道	016322	河東郡 士幌町	43.168047	143.241344
010006	北海道	016331	河東郡 上士幌町	43.232615	143.296243
010006	北海道	016349	河東郡 鹿追町	43.098876	142.989028
010006	北海道	016357	上川郡 新得町	43.079741	142.838822
010006	北海道	016365	上川郡 清水町	43.011423	142.884568
010006	北海道	016373	河西郡 芽室町	42.91189	143.050807
010006	北海道	016381	河西郡 中札内村	42.697734	143.134453
010006	北海道	016390	河西郡 更別村	42.650415	143.187794
010006	北海道	016411	広尾郡 大樹町	42.497525	143.27891
010006	北海道	016420	広尾郡 広尾町	42.285841	143.311498
010006	北海道	016438	中川郡 幕別町	42.908198	143.356085
010006	北海道	016446	中川郡 池田町	42.92898	143.448472
010006	北海道	016454	中川郡 豊頃町	42.801023	143.5059
010006	北海道	016462	中川郡 本別町	43.124615	143.610962
010006	北海道	016471	足寄郡 足寄町	43.244786	143.55393
010006	北海道	016489	足寄郡 陸別町	43.468914	143.747305
010006	北海道	016497	十勝郡 浦幌町	42.808947	143.658581
010006	北海道	016616	釧路郡 釧路町	42.996124	144.466081
010006	北海道	016624	厚岸郡 厚岸町	43.051951	144.847443
010006	北海道	016632	厚岸郡 浜中町	43.075949	145.131133
010006	北海道	016641	川上郡 標茶町	43.303337	144.600665
010006	北海道	016659	川上郡 弟子屈町	43.485352	144.459223
010006	北海道	016675	阿寒郡 鶴居村	43.23016	144.321165
010006	北海道	016683	白糠郡 白糠町	42.956161	144.071805
010006	北海道	016918	野付郡 別海町	43.39399	145.117341
010006	北海道	016926	標津郡 中標津町	43.555191	144.971504
010006	北海道	016934	標津郡 標津町	43.661309	145.131325
010006	北海道	016942	目梨郡 羅臼町	44.021953	145.189532
010006	北海道	016951	色丹郡 色丹村	43.330036	145.582903
010006	北海道	016969	国後郡 泊村	43.330036	145.582903
010006	北海道	016977	国後郡 留夜別村	43.330036	145.582903
010006	北海道	016985	択捉郡 留別村	43.330036	145.582903
010006	北海道	016993	紗那郡 紗那村	43.330036	145.582903
010006	北海道	017001	蘂取郡 蘂取村	43.330036	145.582903
020001	青森県	022012	青森市	40.822358	140.74732
020001	青森県	022021	弘前市	40.602965	140.464008
020001	青森県	022039	八戸市	40.512278	141.488404
020001	青森県	022047	黒石市	40.642608	140.594547
020001	青森県	022055	五所川原市	40.807695	140.446075
020001	青森県	022063	十和田市	40.612703	141.20591
020001	青森県	022071	三沢市	40.683078	141.369093
020001	青森県	022080	むつ市	41.292835	141.183174
020001	青森県	022098	つがる市	40.808836	140.380195
020001	青森県	022101	平川市	40.584114	140.566506
020001	青森県	023019	東津軽郡 平内町	40.92602300000001	140.955884
020001	青森県	023035	東津軽郡 今別町	41.181875	140.48161
020001	青森県	023043	東津軽郡 蓬田村	40.971779	140.656053
020001	青森県	023078	東津軽郡 外ヶ浜町	41.043159	140.632243
020001	青森県	023213	西津軽郡 鰺ヶ沢町	40.783011	140.233902
020001	青森県	023230	西津軽郡 深浦町	40.647876	139.927431
020001	青森県	023434	中津軽郡 西目屋村	40.577553	140.297277
020001	青森県	023612	南津軽郡 藤崎町	40.656064	140.502824
020001	青森県	023621	南津軽郡 大鰐町	40.518356	140.567878
020001	青森県	023671	南津軽郡 田舎館村	40.631259	140.550198
020001	青森県	023817	北津軽郡 板柳町	40.695896	140.457414
020001	青森県	023841	北津軽郡 鶴田町	40.758819	140.428702
020001	青森県	023876	北津軽郡 中泊町	40.96044	140.434113
020001	青森県	024015	上北郡 野辺地町	40.864447	141.128685
020001	青森県	024023	上北郡 七戸町	40.744714	141.157991
020001	青森県	024058	上北郡 六戸町	40.609526	141.324958
020001	青森県	024066	上北郡 横浜町	41.083155	141.247782
020001	青森県	024082	上北郡 東北町	40.727871	141.257888
020001	青森県	024112	上北郡 六ヶ所村	40.967375	141.374434
020001	青森県	024121	上北郡 おいらせ町	40.599104	141.397822
020001	青森県	024236	下北郡 大間町	41.522371	140.90483
020001	青森県	024244	下北郡 東通村	41.277726	141.3289
020001	青森県	024252	下北郡 風間浦村	41.487487	140.995534
020001	青森県	024261	下北郡 佐井村	41.429718	140.859175
020001	青森県	024414	三戸郡 三戸町	40.378423	141.25874
020001	青森県	024422	三戸郡 五戸町	40.531208	141.307813
020001	青森県	024431	三戸郡 田子町	40.34003	141.15215
020001	青森県	024457	三戸郡 南部町	40.420431	141.330464
020001	青森県	024465	三戸郡 階上町	40.452454	141.621001
020001	青森県	024503	三戸郡 新郷村	40.465784	141.1734
030007	岩手県	032018	盛岡市	39.701795	141.154183
030007	岩手県	032026	宮古市	39.639517	141.946133
030007	岩手県	032034	大船渡市	39.081901	141.708547
030007	岩手県	032051	花巻市	39.388609	141.116854
030007	岩手県	032069	北上市	39.286817	141.11315700000003
030007	岩手県	032077	久慈市	40.190466	141.775644
030007	岩手県	032085	遠野市	39.33065	141.531463
030007	岩手県	032093	一関市	38.934754	141.126759
030007	岩手県	032107	陸前高田市	39.020372	141.633237
030007	岩手県	032115	釜石市	39.27581	141.885716
030007	岩手県	032131	二戸市	40.271193	141.304805
030007	岩手県	032140	八幡平市	39.956511	141.07112
030007	岩手県	032158	奥州市	39.144506	141.139116
030007	岩手県	032166	滝沢市	39.734739000000005	141.077065
030007	岩手県	033014	岩手郡 雫石町	39.696319	140.975779
030007	岩手県	033022	岩手郡 葛巻町	40.03984	141.436719
030007	岩手県	033031	岩手郡 岩手町	39.972768	141.212166
030007	岩手県	033219	紫波郡 紫波町	39.554531	141.155782
030007	岩手県	033227	紫波郡 矢巾町	39.606006	141.143001
030007	岩手県	033669	和賀郡 西和賀町	39.317906	140.778754
030007	岩手県	033812	胆沢郡 金ケ崎町	39.195687	141.116408
030007	岩手県	034029	西磐井郡 平泉町	38.986781	141.11398
030007	岩手県	034410	気仙郡 住田町	39.142223	141.575065
030007	岩手県	034614	上閉伊郡 大槌町	39.358196	141.899731
030007	岩手県	034827	下閉伊郡 山田町	39.467619	141.948923
030007	岩手県	034835	下閉伊郡 岩泉町	39.843204	141.796675
030007	岩手県	034843	下閉伊郡 田野畑村	39.930454	141.888864
030007	岩手県	034851	下閉伊郡 普代村	40.005164	141.886014
030007	岩手県	035017	九戸郡 軽米町	40.326678	141.460349
030007	岩手県	035033	九戸郡 野田村	40.110272	141.817674
030007	岩手県	035068	九戸郡 九戸村	40.211356	141.418982
030007	岩手県	035076	九戸郡 洋野町	40.40829800000001	141.71865
030007	岩手県	035246	二戸郡 一戸町	40.21273300000001	141.29546
040002	宮城県	041017	仙台市 青葉区	38.269087	140.870378
040002	宮城県	041025	仙台市 宮城野区	38.266189	140.909841
040002	宮城県	041033	仙台市 若林区	38.24418	140.900748
040002	宮城県	041041	仙台市 太白区	38.224395	140.877212
040002	宮城県	041050	仙台市 泉区	38.326361	140.881615
040002	宮城県	042021	石巻市	38.434457	141.302906
040002	宮城県	042030	塩竈市	38.31436	141.02203
040002	宮城県	042056	気仙沼市	38.908127	141.570044
040002	宮城県	042064	白石市	38.002467	140.619888
040002	宮城県	042072	名取市	38.171501	140.891849
040002	宮城県	042081	角田市	37.977016	140.781543
040002	宮城県	042099	多賀城市	38.293803	141.004369
040002	宮城県	042111	岩沼市	38.104303	140.869949
040002	宮城県	042129	登米市	38.691856	141.18772
040002	宮城県	042137	栗原市	38.730062	141.021508
040002	宮城県	042145	東松島市	38.426134	141.210278
040002	宮城県	042153	大崎市	38.577132	140.955565
040002	宮城県	042161	富谷市	38.399918	140.895485
040002	宮城県	043010	刈田郡 蔵王町	38.098128	140.65868
040002	宮城県	043028	刈田郡 七ヶ宿町	37.993063	140.441615
040002	宮城県	043214	柴田郡 大河原町	38.049412	140.730774
040002	宮城県	043222	柴田郡 村田町	38.118589	140.722404
040002	宮城県	043231	柴田郡 柴田町	38.056599	140.765798
040002	宮城県	043249	柴田郡 川崎町	38.17775100000001	140.643188
040002	宮城県	043419	伊具郡 丸森町	37.911536	140.765365
040002	宮城県	043613	亘理郡 亘理町	38.044251	140.867917
040002	宮城県	043621	亘理郡 山元町	37.962405	140.877529
040002	宮城県	044016	宮城郡 松島町	38.380149	141.067291
040002	宮城県	044041	宮城郡 七ヶ浜町	38.304554	141.059143
040002	宮城県	044067	宮城郡 利府町	38.330355	140.975793
040002	宮城県	044211	黒川郡 大和町	38.43733	140.88630900000004
040002	宮城県	044229	黒川郡 大郷町	38.424244	141.00446000000002
040002	宮城県	044245	黒川郡 大衡村	38.467278	140.879982
040002	宮城県	044440	加美郡 色麻町	38.548921	140.849876
040002	宮城県	044458	加美郡 加美町	38.57177	140.854759
040002	宮城県	045012	遠田郡 涌谷町	38.539704	141.128105
040002	宮城県	045055	遠田郡 美里町	38.5444	141.056717
040002	宮城県	045811	牡鹿郡 女川町	38.445417	141.442972
040002	宮城県	046060	本吉郡 南三陸町	38.680707	141.462552
050008	秋田県	052019	秋田市	39.719929	140.102512
050008	秋田県	052027	能代市	40.212131	140.026641
050008	秋田県	052035	横手市	39.313777	140.566636
050008	秋田県	052043	大館市	40.27137212	140.5643629
050008	秋田県	052060	男鹿市	39.886721	139.8475
050008	秋田県	052078	湯沢市	39.164074	140.494683
050008	秋田県	052094	鹿角市	40.215789	140.788519
050008	秋田県	052108	由利本荘市	39.385814	140.048819
050008	秋田県	052116	潟上市	39.857248	140.013054
050008	秋田県	052124	大仙市	39.45309	140.475448
050008	秋田県	052132	北秋田市	40.226046	140.370728
050008	秋田県	052141	にかほ市	39.203067	139.907649
050008	秋田県	052159	仙北市	39.700044	140.730728
050008	秋田県	053031	鹿角郡 小坂町	40.332926	140.736191
050008	秋田県	053279	北秋田郡 上小阿仁村	40.063263	140.295736
050008	秋田県	053465	山本郡 藤里町	40.278399	140.261879
050008	秋田県	053481	山本郡 三種町	40.101615	140.004981
050008	秋田県	053490	山本郡 八峰町	40.318715	140.038618
050008	秋田県	053619	南秋田郡 五城目町	39.943895	140.111309
050008	秋田県	053635	南秋田郡 八郎潟町	39.949355	140.073335
050008	秋田県	053660	南秋田郡 井川町	39.914188	140.081265
050008	秋田県	053686	南秋田郡 大潟村	40.017788	139.960064
050008	秋田県	054348	仙北郡 美郷町	39.461633	140.582127
050008	秋田県	054631	雄勝郡 羽後町	39.199323	140.412881
050008	秋田県	054640	雄勝郡 東成瀬村	39.179185	140.648892
060003	山形県	062014	山形市	38.255436	140.339605
060003	山形県	062022	米沢市	37.922242	140.116683
060003	山形県	062031	鶴岡市	38.727183	139.826725
060003	山形県	062049	酒田市	38.914386	139.836513
060003	山形県	062057	新庄市	38.76496	140.301664
060003	山形県	062065	寒河江市	38.380954	140.276068
060003	山形県	062073	上山市	38.149562	140.26783
060003	山形県	062081	村山市	38.483352	140.38038
060003	山形県	062090	長井市	38.105998	140.03404
060003	山形県	062103	天童市	38.362177	140.377802
060003	山形県	062111	東根市	38.431292	140.391021
060003	山形県	062120	尾花沢市	38.601071	140.406824
060003	山形県	062138	南陽市	38.055116	140.148309
060003	山形県	063011	東村山郡 山辺町	38.289217	140.26218
060003	山形県	063029	東村山郡 中山町	38.333122	140.283051
060003	山形県	063215	西村山郡 河北町	38.426276	140.31431
060003	山形県	063223	西村山郡 西川町	38.426487	140.147661
060003	山形県	063231	西村山郡 朝日町	38.299293	140.145924
060003	山形県	063240	西村山郡 大江町	38.380713	140.206793
060003	山形県	063410	北村山郡 大石田町	38.593877	140.372647
060003	山形県	063614	最上郡 金山町	38.88344	140.339367
060003	山形県	063622	最上郡 最上町	38.75846700000001	140.519359
060003	山形県	063631	最上郡 舟形町	38.691417	140.319988
060003	山形県	063649	最上郡 真室川町	38.856933	140.251567
060003	山形県	063657	最上郡 大蔵村	38.704121	140.230368
060003	山形県	063665	最上郡 鮭川村	38.796455	140.222007
060003	山形県	063673	最上郡 戸沢村	38.737601	140.143569
060003	山形県	063819	東置賜郡 高畠町	38.002745	140.189113
060003	山形県	063827	東置賜郡 川西町	38.005188	140.053094
060003	山形県	064017	西置賜郡 小国町	38.061391	139.743333
060003	山形県	064025	西置賜郡 白鷹町	38.183069	140.098571
060003	山形県	064033	西置賜郡 飯豊町	38.045714	139.987617
060003	山形県	064262	東田川郡 三川町	38.794529	139.849612
060003	山形県	064289	東田川郡 庄内町	38.849845	139.904723
060003	山形県	064611	飽海郡 遊佐町	39.014837	139.908673
070009	福島県	072010	福島市	37.760759	140.473269
070009	福島県	072028	会津若松市	37.494842	139.929707
070009	福島県	072036	郡山市	37.400455	140.35965
070009	福島県	072044	いわき市	37.050456	140.887687
070009	福島県	072052	白河市	37.126379	140.210923
070009	福島県	072079	須賀川市	37.286913	140.37253400000003
070009	福島県	072087	喜多方市	37.651134	139.874484
070009	福島県	072095	相馬市	37.797242	140.9189
070009	福島県	072109	二本松市	37.584783	140.431199
070009	福島県	072117	田村市	37.440592	140.576339
070009	福島県	072125	南相馬市	37.642197	140.957237
070009	福島県	072133	伊達市	37.819095	140.562894
070009	福島県	072141	本宮市	37.513162	140.393877
070009	福島県	073016	伊達郡 桑折町	37.85464	140.520775
070009	福島県	073032	伊達郡 国見町	37.876822	140.549228
070009	福島県	073083	伊達郡 川俣町	37.664989	140.598244
070009	福島県	073229	安達郡 大玉村	37.534362	140.371058
070009	福島県	073423	岩瀬郡 鏡石町	37.252858	140.343405
070009	福島県	073440	岩瀬郡 天栄村	37.255576	140.247165
070009	福島県	073628	南会津郡 下郷町	37.255571	139.872084
070009	福島県	073644	南会津郡 檜枝岐村	37.024141	139.388941
070009	福島県	073679	南会津郡 只見町	37.348657	139.315789
070009	福島県	073687	南会津郡 南会津町	37.200389	139.773215
070009	福島県	074021	耶麻郡 北塩原村	37.655673	139.937383
070009	福島県	074055	耶麻郡 西会津町	37.5874	139.649314
070009	福島県	074071	耶麻郡 磐梯町	37.562099	139.988766
070009	福島県	074080	耶麻郡 猪苗代町	37.557799	140.104794
070009	福島県	074217	河沼郡 会津坂下町	37.561457	139.821732
070009	福島県	074225	河沼郡 湯川村	37.565657	139.886738
070009	福島県	074233	河沼郡 柳津町	37.526035	139.719552
070009	福島県	074446	大沼郡 三島町	37.470292	139.644441
070009	福島県	074454	大沼郡 金山町	37.453735	139.524524
070009	福島県	074462	大沼郡 昭和村	37.335446	139.610666
070009	福島県	074471	大沼郡 会津美里町	37.46524	139.834011
070009	福島県	074616	西白河郡 西郷村	37.141767	140.155299
070009	福島県	074641	西白河郡 泉崎村	37.153797	140.303441
070009	福島県	074659	西白河郡 中島村	37.148756	140.35023
070009	福島県	074667	西白河郡 矢吹町	37.201221	140.338493
070009	福島県	074811	東白川郡 棚倉町	37.029867	140.379591
070009	福島県	074829	東白川郡 矢祭町	36.871334	140.424755
070009	福島県	074837	東白川郡 塙町	36.957238	140.409647
070009	福島県	074845	東白川郡 鮫川村	37.042229	140.509699
070009	福島県	075019	石川郡 石川町	37.157055	140.446767
070009	福島県	075027	石川郡 玉川村	37.210718	140.408939
070009	福島県	075035	石川郡 平田村	37.221944	140.575685
070009	福島県	075043	石川郡 浅川町	37.080947	140.412852
070009	福島県	075051	石川郡 古殿町	37.089182	140.555692
070009	福島県	075213	田村郡 三春町	37.441047	140.492575
070009	福島県	075221	田村郡 小野町	37.286823	140.62628
070009	福島県	075418	双葉郡 広野町	37.214403	140.994561
070009	福島県	075426	双葉郡 楢葉町	37.282605	140.993465
070009	福島県	075434	双葉郡 富岡町	37.345496000000004	141.008652
070009	福島県	075442	双葉郡 川内村	37.33768	140.809266
070009	福島県	075451	双葉郡 大熊町	37.38175700000001	140.958329
070009	福島県	075469	双葉郡 双葉町	37.452917	141.00634
070009	福島県	075477	双葉郡 浪江町	37.49459414	141.0007459
070009	福島県	075485	双葉郡 葛尾村	37.503547	140.764518
070009	福島県	075612	相馬郡 新地町	37.876379	140.919591
070009	福島県	075647	相馬郡 飯舘村	37.678947	140.735091
080004	茨城県	082015	水戸市	36.365861	140.471222
080004	茨城県	082023	日立市	36.599016	140.65154600000002
080004	茨城県	082031	土浦市	36.078313	140.204306
080004	茨城県	082040	古河市	36.178228	139.755371
080004	茨城県	082058	石岡市	36.19084	140.287242
080004	茨城県	082074	結城市	36.289588	139.871455
080004	茨城県	082082	龍ケ崎市	35.911594	140.182265
080004	茨城県	082104	下妻市	36.184368	139.96824
080004	茨城県	082112	常総市	36.023563	139.993934
080004	茨城県	082121	常陸太田市	36.538227	140.530929
080004	茨城県	082147	高萩市	36.713796	140.709302
080004	茨城県	082155	北茨城市	36.801892	140.751032
080004	茨城県	082163	笠間市	36.345128	140.304232
080004	茨城県	082171	取手市	35.911474	140.050305
080004	茨城県	082198	牛久市	35.979397	140.149532
080004	茨城県	082201	つくば市	36.08356016	140.0764732
080004	茨城県	082210	ひたちなか市	36.396615	140.534676
080004	茨城県	082228	鹿嶋市	35.9657207	140.6448524
080004	茨城県	082236	潮来市	35.947134	140.555364
080004	茨城県	082244	守谷市	35.95132697	139.9754653
080004	茨城県	082252	常陸大宮市	36.542592	140.411012
080004	茨城県	082261	那珂市	36.457424	140.486726
080004	茨城県	082279	筑西市	36.305241	139.97941600000001
080004	茨城県	082287	坂東市	36.048363	139.88868
080004	茨城県	082295	稲敷市	35.972914	140.303612
080004	茨城県	082309	かすみがうら市	36.151812	140.23700600000004
080004	茨城県	082317	桜川市	36.327273	140.090478
080004	茨城県	082325	神栖市	35.889972	140.664527
080004	茨城県	082333	行方市	35.99016591	140.4890999
080004	茨城県	082341	鉾田市	36.158687	140.516437
080004	茨城県	082350	つくばみらい市	35.962911	140.037069
080004	茨城県	082368	小美玉市	36.239283	140.352589
080004	茨城県	083020	東茨城郡 茨城町	36.286921	140.424517
080004	茨城県	083097	東茨城郡 大洗町	36.313356	140.574888
080004	茨城県	083101	東茨城郡 城里町	36.479297	140.376241
080004	茨城県	083411	那珂郡 東海村	36.472882	140.566301
080004	茨城県	083640	久慈郡 大子町	36.764385	140.36346900000004
080004	茨城県	084425	稲敷郡 美浦村	36.004554	140.301906
080004	茨城県	084433	稲敷郡 阿見町	36.03087	140.214769
080004	茨城県	084476	稲敷郡 河内町	35.884743	140.244516
080004	茨城県	085219	結城郡 八千代町	36.18163200000001	139.891145
080004	茨城県	085421	猿島郡 五霞町	36.114116	139.745832
080004	茨城県	085464	猿島郡 境町	36.108529	139.795054
080004	茨城県	085642	北相馬郡 利根町	35.857825	140.139106
090000	栃木県	092011	宇都宮市	36.555115	139.882807
090000	栃木県	092029	足利市	36.340146	139.449696
090000	栃木県	092037	栃木市	36.38241388000001	139.7341111
090000	栃木県	092045	佐野市	36.314354	139.578369
090000	栃木県	092053	鹿沼市	36.56712	139.745098
090000	栃木県	092061	日光市	36.719861	139.698204
090000	栃木県	092088	小山市	36.314477	139.800132
090000	栃木県	092096	真岡市	36.440427	140.013428
090000	栃木県	092100	大田原市	36.871076	140.015458
090000	栃木県	092118	矢板市	36.806732	139.924226
090000	栃木県	092134	那須塩原市	36.96169	140.046044
090000	栃木県	092142	さくら市	36.685295	139.966474
090000	栃木県	092151	那須烏山市	36.656891	140.151376
090000	栃木県	092169	下野市	36.39521	139.851928
090000	栃木県	093017	河内郡 上三川町	36.439268	139.910214
090000	栃木県	093424	芳賀郡 益子町	36.46735300000001	140.093381
090000	栃木県	093432	芳賀郡 茂木町	36.532184	140.187535
090000	栃木県	093441	芳賀郡 市貝町	36.543242	140.102113
090000	栃木県	093459	芳賀郡 芳賀町	36.548212	140.058199
090000	栃木県	093611	下都賀郡 壬生町	36.442168	139.814656
090000	栃木県	093645	下都賀郡 野木町	36.233263	139.740818
090000	栃木県	093840	塩谷郡 塩谷町	36.779292000000005	139.85752
090000	栃木県	093866	塩谷郡 高根沢町	36.630976	139.986672
090000	栃木県	094072	那須郡 那須町	37.01977	140.121008
090000	栃木県	094111	那須郡 那珂川町	36.73622300000001	140.172227
100005	群馬県	102016	前橋市	36.389413	139.063493
100005	群馬県	102024	高崎市	36.32195	139.00335500000003
100005	群馬県	102032	桐生市	36.40521	139.330646
100005	群馬県	102041	伊勢崎市	36.311341	139.19696
100005	群馬県	102059	太田市	36.291127	139.37536
100005	群馬県	102067	沼田市	36.643962	139.042792
100005	群馬県	102075	館林市	36.24484100000001	139.542057
100005	群馬県	102083	渋川市	36.48948	139.000394
100005	群馬県	102091	藤岡市	36.258509	139.074564
100005	群馬県	102105	富岡市	36.259852	138.889954
100005	群馬県	102113	安中市	36.326298	138.887244
100005	群馬県	102121	みどり市	36.394819	139.281076
100005	群馬県	103446	北群馬郡 榛東村	36.438647	138.967118
100005	群馬県	103454	北群馬郡 吉岡町	36.447443	139.0097
100005	群馬県	103667	多野郡 上野村	36.083135	138.77733400000002
100005	群馬県	103675	多野郡 神流町	36.116013	138.916991
100005	群馬県	103829	甘楽郡 下仁田町	36.21247	138.789083
100005	群馬県	103837	甘楽郡 南牧村	36.158553	138.711406
100005	群馬県	103845	甘楽郡 甘楽町	36.243009	138.921752
100005	群馬県	104213	吾妻郡 中之条町	36.589843	138.841075
100005	群馬県	104248	吾妻郡 長野原町	36.544316	138.649837
100005	群馬県	104256	吾妻郡 嬬恋村	36.516735	138.530298
100005	群馬県	104264	吾妻郡 草津町	36.620711	138.596127
100005	群馬県	104281	吾妻郡 高山村	36.62080900000001	138.943477
100005	群馬県	104299	吾妻郡 東吾妻町	36.571557	138.820512
100005	群馬県	104434	利根郡 片品村	36.772549	139.225241
100005	群馬県	104442	利根郡 川場村	36.694683	139.106512
100005	群馬県	104485	利根郡 昭和村	36.639761	139.065881
100005	群馬県	104493	利根郡 みなかみ町	36.678650000000005	138.999055
100005	群馬県	104647	佐波郡 玉村町	36.304435	139.114916
100005	群馬県	105210	邑楽郡 板倉町	36.22596	139.602097
100005	群馬県	105228	邑楽郡 明和町	36.211283	139.534228
100005	群馬県	105236	邑楽郡 千代田町	36.217754	139.442437
100005	群馬県	105244	邑楽郡 大泉町	36.247862	139.404843
100005	群馬県	105252	邑楽郡 邑楽町	36.252392	139.4623
110001	埼玉県	111015	さいたま市 西区	35.925166	139.579633
110001	埼玉県	111023	さいたま市 北区	35.93139	139.620287
110001	埼玉県	111031	さいたま市 大宮区	35.901874	139.63055
110001	埼玉県	111040	さいたま市 見沼区	35.935216	139.654427
110001	埼玉県	111058	さいたま市 中央区	35.883965	139.626177
110001	埼玉県	111066	さいたま市 桜区	35.85587600000001	139.609766
110001	埼玉県	111074	さいたま市 浦和区	35.86197	139.645408
110001	埼玉県	111082	さいたま市 南区	35.84484133	139.646521
110001	埼玉県	111091	さいたま市 緑区	35.871095	139.684017
110001	埼玉県	111104	さいたま市 岩槻区	35.949882	139.694182
110001	埼玉県	112011	川越市	35.925112	139.48584
110001	埼玉県	112020	熊谷市	36.14736200000001	139.388664
110001	埼玉県	112038	川口市	35.807741	139.724171
110001	埼玉県	112062	行田市	36.138951	139.455646
110001	埼玉県	112071	秩父市	35.991681	139.085475
110001	埼玉県	112089	所沢市	35.799672	139.468613
110001	埼玉県	112097	飯能市	35.85576	139.327791
110001	埼玉県	112101	加須市	36.131438	139.601775
110001	埼玉県	112119	本庄市	36.243329	139.190629
110001	埼玉県	112127	東松山市	36.042162	139.39995
110001	埼玉県	112143	春日部市	35.975305	139.752409
110001	埼玉県	112151	狭山市	35.852907	139.412227
110001	埼玉県	112160	羽生市	36.172667000000004	139.548592
110001	埼玉県	112178	鴻巣市	36.065758	139.522172
110001	埼玉県	112186	深谷市	36.197466	139.28147
110001	埼玉県	112194	上尾市	35.977408	139.593203
110001	埼玉県	112216	草加市	35.825371	139.805327
110001	埼玉県	112224	越谷市	35.891087	139.790943
110001	埼玉県	112232	蕨市	35.825576	139.679758
110001	埼玉県	112241	戸田市	35.817635	139.677931
110001	埼玉県	112259	入間市	35.835769	139.391058
110001	埼玉県	112275	朝霞市	35.797255	139.593919
110001	埼玉県	112283	志木市	35.836614	139.58023
110001	埼玉県	112291	和光市	35.781104	139.605693
110001	埼玉県	112305	新座市	35.793497	139.56533
110001	埼玉県	112313	桶川市	36.002966	139.558177
110001	埼玉県	112321	久喜市	36.062059000000005	139.666838
110001	埼玉県	112330	北本市	36.027026	139.53024
110001	埼玉県	112348	八潮市	35.822539	139.839175
110001	埼玉県	112356	富士見市	35.856759	139.549074
110001	埼玉県	112372	三郷市	35.830132	139.872247
110001	埼玉県	112381	蓮田市	35.994504	139.6622
110001	埼玉県	112399	坂戸市	35.957262	139.402983
110001	埼玉県	112402	幸手市	36.078089000000006	139.725805
110001	埼玉県	112411	鶴ヶ島市	35.934523	139.393126
110001	埼玉県	112429	日高市	35.907748	139.33914
110001	埼玉県	112437	吉川市	35.895921	139.855673
110001	埼玉県	112453	ふじみ野市	35.879396	139.51982000000004
110001	埼玉県	112461	白岡市	36.01907	139.676861
110001	埼玉県	113018	北足立郡 伊奈町	35.999865	139.623877
110001	埼玉県	113247	入間郡 三芳町	35.828347	139.526514
110001	埼玉県	113263	入間郡 毛呂山町	35.941596	139.315954
110001	埼玉県	113271	入間郡 越生町	35.964478	139.294202
110001	埼玉県	113417	比企郡 滑川町	36.06599	139.360919
110001	埼玉県	113425	比企郡 嵐山町	36.056568	139.320514
110001	埼玉県	113433	比企郡 小川町	36.056657	139.261789
110001	埼玉県	113468	比企郡 川島町	35.992474	139.484326
110001	埼玉県	113476	比企郡 吉見町	36.039853	139.45373
110001	埼玉県	113484	比企郡 鳩山町	35.981468	139.334106
110001	埼玉県	113492	比企郡 ときがわ町	36.00857	139.296763
110001	埼玉県	113611	秩父郡 横瀬町	35.987286	139.100049
110001	埼玉県	113620	秩父郡 皆野町	36.070845	139.098754
110001	埼玉県	113638	秩父郡 長瀞町	36.114787	139.10972
110001	埼玉県	113654	秩父郡 小鹿野町	36.017138	139.00860400000002
110001	埼玉県	113697	秩父郡 東秩父村	36.058148	139.194573
110001	埼玉県	113816	児玉郡 美里町	36.177104	139.18141
110001	埼玉県	113832	児玉郡 神川町	36.213901	139.10157800000002
110001	埼玉県	113859	児玉郡 上里町	36.251615	139.14487
110001	埼玉県	114081	大里郡 寄居町	36.118348	139.193014
110001	埼玉県	114421	南埼玉郡 宮代町	36.022593	139.723069
110001	埼玉県	114642	北葛飾郡 杉戸町	36.025618	139.736829
110001	埼玉県	114651	北葛飾郡 松伏町	35.925751	139.815139
120006	千葉県	121011	千葉市 中央区	35.60741300000001	140.122853
120006	千葉県	121029	千葉市 花見川区	35.662876	140.069061
120006	千葉県	121037	千葉市 稲毛区	35.636202	140.107106
120006	千葉県	121045	千葉市 若葉区	35.634016	140.155653
120006	千葉県	121053	千葉市 緑区	35.560501	140.176153
120006	千葉県	121061	千葉市 美浜区	35.640552	140.06304
120006	千葉県	122025	銚子市	35.734667	140.826791
120006	千葉県	122033	市川市	35.721914	139.931013
120006	千葉県	122041	船橋市	35.694711	139.982621
120006	千葉県	122050	館山市	34.996608	139.870085
120006	千葉県	122068	木更津市	35.381168	139.924973
120006	千葉県	122076	松戸市	35.787652	139.903226
120006	千葉県	122084	野田市	35.955106	139.874828
120006	千葉県	122106	茂原市	35.42854	140.28805
120006	千葉県	122114	成田市	35.776605	140.318781
120006	千葉県	122122	佐倉市	35.723441	140.223972
120006	千葉県	122131	東金市	35.559932	140.366115
120006	千葉県	122157	旭市	35.71602500000001	140.648158
120006	千葉県	122165	習志野市	35.68161	140.027227
120006	千葉県	122173	柏市	35.868295	139.976199
120006	千葉県	122181	勝浦市	35.152211	140.320868
120006	千葉県	122190	市原市	35.497897	140.115594
120006	千葉県	122203	流山市	35.856287	139.902586
120006	千葉県	122211	八千代市	35.722381	140.099915
120006	千葉県	122220	我孫子市	35.864162	140.028225
120006	千葉県	122238	鴨川市	35.114017	140.098805
120006	千葉県	122246	鎌ケ谷市	35.776765	140.000736
120006	千葉県	122254	君津市	35.330424	139.902561
120006	千葉県	122262	富津市	35.30414	139.857113
120006	千葉県	122271	浦安市	35.653988000000005	139.902187
120006	千葉県	122289	四街道市	35.66971300000001	140.167957
120006	千葉県	122297	袖ケ浦市	35.429945	139.954353
120006	千葉県	122301	八街市	35.665859000000005	140.317913
120006	千葉県	122319	印西市	35.832332	140.145765
120006	千葉県	122327	白井市	35.791503	140.056372
120006	千葉県	122335	富里市	35.72681	140.343071
120006	千葉県	122343	南房総市	35.043147	139.839997
120006	千葉県	122351	匝瑳市	35.707914	140.564356
120006	千葉県	122360	香取市	35.89773	140.499248
120006	千葉県	122378	山武市	35.602992	140.413531
120006	千葉県	122386	いすみ市	35.253887	140.385117
120006	千葉県	122394	大網白里市	35.521708	140.320963
120006	千葉県	123226	印旛郡 酒々井町	35.724751	140.269483
120006	千葉県	123293	印旛郡 栄町	35.840866	140.243945
120006	千葉県	123421	香取郡 神崎町	35.901611	140.405326
120006	千葉県	123471	香取郡 多古町	35.735592	140.467727
120006	千葉県	123498	香取郡 東庄町	35.83715	140.668786
120006	千葉県	124036	山武郡 九十九里町	35.535065	140.44025
120006	千葉県	124095	山武郡 芝山町	35.693064	140.414255
120006	千葉県	124109	山武郡 横芝光町	35.665609	140.504396
120006	千葉県	124214	長生郡 一宮町	35.372812	140.368734
120006	千葉県	124222	長生郡 睦沢町	35.361091	140.319275
120006	千葉県	124231	長生郡 長生村	35.412179	140.354058
120006	千葉県	124249	長生郡 白子町	35.45434	140.374253
120006	千葉県	124265	長生郡 長柄町	35.431152	140.227073
120006	千葉県	124273	長生郡 長南町	35.386423	140.237039
120006	千葉県	124419	夷隅郡 大多喜町	35.284822000000005	140.245419
120006	千葉県	124435	夷隅郡 御宿町	35.191484	140.348785
120006	千葉県	124630	安房郡 鋸南町	35.111131	139.835645
130001	東京都	131016	千代田区	35.694003	139.753634
130001	東京都	131024	中央区	35.670587	139.772003
130001	東京都	131032	港区	35.658071	139.751599
130001	東京都	131041	新宿区	35.69389	139.703463
130001	東京都	131059	文京区	35.707976	139.752473
130001	東京都	131067	台東区	35.712607	139.779984
130001	東京都	131075	墨田区	35.710724	139.801497
130001	東京都	131083	江東区	35.672859	139.817365
130001	東京都	131091	品川区	35.609066	139.73025
130001	東京都	131105	目黒区	35.64141	139.698118
130001	東京都	131113	大田区	35.56126	139.715987
130001	東京都	131121	世田谷区	35.646481	139.653208
130001	東京都	131130	渋谷区	35.663982	139.697948
130001	東京都	131148	中野区	35.707268	139.663738
130001	東京都	131156	杉並区	35.699546	139.636414
130001	東京都	131164	豊島区	35.726321	139.716702
130001	東京都	131172	北区	35.752805	139.733657
130001	東京都	131181	荒川区	35.736083	139.783372
130001	東京都	131199	板橋区	35.751245	139.709246
130001	東京都	131202	練馬区	35.7356	139.651725
130001	東京都	131211	足立区	35.774945	139.804584
130001	東京都	131229	葛飾区	35.74343	139.847213
130001	東京都	131237	江戸川区	35.706648	139.868312
130001	東京都	132012	八王子市	35.66657	139.316075
130001	東京都	132021	立川市	35.713981	139.407846
130001	東京都	132039	武蔵野市	35.717837	139.565938
130001	東京都	132047	三鷹市	35.683308	139.559883
130001	東京都	132055	青梅市	35.788171	139.274994
130001	東京都	132063	府中市	35.668921	139.47766300000004
130001	東京都	132071	昭島市	35.705705	139.353773
130001	東京都	132080	調布市	35.650628	139.540683
130001	東京都	132098	町田市	35.546559	139.438527
130001	東京都	132101	小金井市	35.699479000000004	139.502989
130001	東京都	132110	小平市	35.728496	139.477474
130001	東京都	132128	日野市	35.671347	139.394981
130001	東京都	132136	東村山市	35.754624	139.468484
130001	東京都	132144	国分寺市	35.710943	139.462252
130001	東京都	132152	国立市	35.683912	139.441366
130001	東京都	132187	福生市	35.738601	139.326744
130001	東京都	132195	狛江市	35.634814	139.578696
130001	東京都	132209	東大和市	35.745328	139.426591
130001	東京都	132217	清瀬市	35.785761	139.526422
130001	東京都	132225	東久留米市	35.757992	139.529673
130001	東京都	132233	武蔵村山市	35.754906	139.387421
130001	東京都	132241	多摩市	35.636959	139.446366
130001	東京都	132250	稲城市	35.637938	139.504603
130001	東京都	132276	羽村市	35.767168	139.311042
130001	東京都	132284	あきる野市	35.728959	139.294046
130001	東京都	132292	西東京市	35.725499	139.538159
130001	東京都	133035	西多摩郡 瑞穂町	35.771989	139.354054
130001	東京都	133051	西多摩郡 日の出町	35.742115	139.257405
130001	東京都	133078	西多摩郡 檜原村	35.72684	139.148852
130001	東京都	133086	西多摩郡 奥多摩町	35.80952	139.096214
130001	東京都	133612	大島町	34.750058	139.355619
130001	東京都	133621	利島村	34.529354	139.282584
130001	東京都	133639	新島村	34.377138	139.256556
130001	東京都	133647	神津島村	34.205371	139.134426
130001	東京都	133817	三宅村	34.075779	139.47974700000003
130001	東京都	133825	御蔵島村	33.897156	139.596009
130001	東京都	134015	八丈町	33.112797	139.789079
130001	東京都	134023	青ヶ島村	32.466537	139.763337
130001	東京都	134210	小笠原村	27.09438	142.191904
140007	神奈川県	141011	横浜市 鶴見区	35.508398	139.682384
140007	神奈川県	141020	横浜市 神奈川区	35.477051	139.629293
140007	神奈川県	141038	横浜市 西区	35.453609	139.616877
140007	神奈川県	141046	横浜市 中区	35.444688000000006	139.642203
140007	神奈川県	141054	横浜市 南区	35.434506	139.627342
140007	神奈川県	141062	横浜市 保土ケ谷区	35.459854	139.596029
140007	神奈川県	141071	横浜市 磯子区	35.402489	139.618458
140007	神奈川県	141089	横浜市 金沢区	35.337199	139.624497
140007	神奈川県	141097	横浜市 港北区	35.519016	139.633197
140007	神奈川県	141101	横浜市 戸塚区	35.400223	139.533467
140007	神奈川県	141119	横浜市 港南区	35.400765	139.592237
140007	神奈川県	141127	横浜市 旭区	35.474761	139.5448
140007	神奈川県	141135	横浜市 緑区	35.512407	139.538011
140007	神奈川県	141143	横浜市 瀬谷区	35.466397	139.499188
140007	神奈川県	141151	横浜市 栄区	35.36439	139.554106
140007	神奈川県	141160	横浜市 泉区	35.417899	139.488693
140007	神奈川県	141178	横浜市 青葉区	35.552831	139.537092
140007	神奈川県	141186	横浜市 都筑区	35.544937	139.57103000000004
140007	神奈川県	141313	川崎市 川崎区	35.529653	139.703707
140007	神奈川県	141321	川崎市 幸区	35.543882	139.687346
140007	神奈川県	141330	川崎市 中原区	35.576258	139.655756
140007	神奈川県	141348	川崎市 高津区	35.599443	139.608032
140007	神奈川県	141356	川崎市 多摩区	35.619609	139.562113
140007	神奈川県	141364	川崎市 宮前区	35.58921600000001	139.57858000000002
140007	神奈川県	141372	川崎市 麻生区	35.603769	139.505686
140007	神奈川県	141518	相模原市 緑区	35.595639	139.33759
140007	神奈川県	141526	相模原市 中央区	35.571376	139.373268
140007	神奈川県	141534	相模原市 南区	35.530342000000005	139.430092
140007	神奈川県	142018	横須賀市	35.281276	139.672284
140007	神奈川県	142034	平塚市	35.335502	139.349412
140007	神奈川県	142042	鎌倉市	35.319228	139.54669
140007	神奈川県	142051	藤沢市	35.33894	139.491116
140007	神奈川県	142069	小田原市	35.264694	139.152355
140007	神奈川県	142077	茅ヶ崎市	35.333879	139.404702
140007	神奈川県	142085	逗子市	35.295592	139.580414
140007	神奈川県	142107	三浦市	35.144176	139.620765
140007	神奈川県	142115	秦野市	35.3748	139.219946
140007	神奈川県	142123	厚木市	35.443049	139.362442
140007	神奈川県	142131	大和市	35.487515	139.45795
140007	神奈川県	142140	伊勢原市	35.402985	139.314906
140007	神奈川県	142158	海老名市	35.446449	139.390803
140007	神奈川県	142166	座間市	35.48864	139.407637
140007	神奈川県	142174	南足柄市	35.320633	139.099729
140007	神奈川県	142182	綾瀬市	35.437161	139.426348
140007	神奈川県	143014	三浦郡 葉山町	35.272025	139.586275
140007	神奈川県	143219	高座郡 寒川町	35.372963	139.384188
140007	神奈川県	143413	中郡 大磯町	35.30694	139.311348
140007	神奈川県	143421	中郡 二宮町	35.299494	139.255525
140007	神奈川県	143618	足柄上郡 中井町	35.330751	139.218766
140007	神奈川県	143626	足柄上郡 大井町	35.326619	139.15664900000002
140007	神奈川県	143634	足柄上郡 松田町	35.348199	139.139337
140007	神奈川県	143642	足柄上郡 山北町	35.360631	139.083806
140007	神奈川県	143669	足柄上郡 開成町	35.33643	139.123183
140007	神奈川県	143821	足柄下郡 箱根町	35.232301	139.106886
140007	神奈川県	143839	足柄下郡 真鶴町	35.15839900000001	139.137233
140007	神奈川県	143847	足柄下郡 湯河原町	35.147931	139.108336
140007	神奈川県	144011	愛甲郡 愛川町	35.528746	139.32172
140007	神奈川県	144029	愛甲郡 清川村	35.48233	139.276374
150002	新潟県	151017	新潟市 北区	37.913559	139.221631
150002	新潟県	151025	新潟市 東区	37.924894	139.092606
150002	新潟県	151033	新潟市 中央区	37.922488	139.043232
150002	新潟県	151041	新潟市 江南区	37.86766	139.094013
150002	新潟県	151050	新潟市 秋葉区	37.788362	139.114618
150002	新潟県	151068	新潟市 南区	37.765817	139.019184
150002	新潟県	151076	新潟市 西区	37.874081	138.971648
150002	新潟県	151084	新潟市 西蒲区	37.760333	138.889253
150002	新潟県	152021	長岡市	37.446587	138.851224
150002	新潟県	152048	三条市	37.636768	138.9617
150002	新潟県	152056	柏崎市	37.364952	138.557988
150002	新潟県	152064	新発田市	37.947958	139.327138
150002	新潟県	152081	小千谷市	37.31435	138.795097
150002	新潟県	152099	加茂市	37.666335	139.04022
150002	新潟県	152102	十日町市	37.127588	138.75571
150002	新潟県	152111	見附市	37.531496	138.912724
150002	新潟県	152129	村上市	38.22399	139.48004
150002	新潟県	152137	燕市	37.673149	138.882249
150002	新潟県	152161	糸魚川市	37.039025	137.862658
150002	新潟県	152170	妙高市	37.025265	138.253485
150002	新潟県	152188	五泉市	37.744483	139.182568
150002	新潟県	152226	上越市	37.147873	138.236039
150002	新潟県	152234	阿賀野市	37.834509	139.22600200000002
150002	新潟県	152242	佐渡市	38.018302	138.368138
150002	新潟県	152251	魚沼市	37.236415	138.963763
150002	新潟県	152269	南魚沼市	37.065522	138.876081
150002	新潟県	152277	胎内市	38.059708	139.41035
150002	新潟県	153079	北蒲原郡 聖籠町	37.974526	139.274374
150002	新潟県	153427	西蒲原郡 弥彦村	37.691007	138.855252
150002	新潟県	153613	南蒲原郡 田上町	37.698857	139.057993
150002	新潟県	153851	東蒲原郡 阿賀町	37.675487	139.458781
150002	新潟県	154059	三島郡 出雲崎町	37.530715	138.70936100000003
150002	新潟県	154610	南魚沼郡 湯沢町	36.934007	138.817424
150002	新潟県	154822	中魚沼郡 津南町	37.014313	138.652547
150002	新潟県	155047	刈羽郡 刈羽村	37.422361	138.622442
150002	新潟県	155811	岩船郡 関川村	38.08941200000001	139.564957
150002	新潟県	155861	岩船郡 粟島浦村	38.468213	139.25436
160008	富山県	162019	富山市	36.695982	137.213449
160008	富山県	162027	高岡市	36.754099	137.025717
160008	富山県	162043	魚津市	36.827367	137.40919
160008	富山県	162051	氷見市	36.855978	136.972868
160008	富山県	162060	滑川市	36.764394	137.34118
160008	富山県	162078	黒部市	36.871437	137.447897
160008	富山県	162086	砺波市	36.647467	136.962167
160008	富山県	162094	小矢部市	36.675531	136.868653
160008	富山県	162108	南砺市	36.557451	136.875395
160008	富山県	162116	射水市	36.73046200000001	137.075391
160008	富山県	163210	中新川郡 舟橋村	36.703525	137.307372
160008	富山県	163228	中新川郡 上市町	36.698429	137.362586
160008	富山県	163236	中新川郡 立山町	36.663346	137.313658
160008	富山県	163422	下新川郡 入善町	36.933578	137.50212800000003
160008	富山県	163431	下新川郡 朝日町	36.946179	137.559868
170003	石川県	172014	金沢市	36.561051	136.656633
170003	石川県	172022	七尾市	37.043108	136.967296
170003	石川県	172031	小松市	36.408357	136.445588
170003	石川県	172049	輪島市	37.390557	136.899185
170003	石川県	172057	珠洲市	37.436369	137.260406
170003	石川県	172065	加賀市	36.302669	136.314685
170003	石川県	172073	羽咋市	36.893599	136.778999
170003	石川県	172090	かほく市	36.719973	136.706668
170003	石川県	172103	白山市	36.514427	136.565833
170003	石川県	172111	能美市	36.446888	136.55402800000002
170003	石川県	172120	野々市市	36.519466	136.60968500000004
170003	石川県	173240	能美郡 川北町	36.468632	136.542276
170003	石川県	173614	河北郡 津幡町	36.669093	136.728683
170003	石川県	173657	河北郡 内灘町	36.65353	136.645125
170003	石川県	173843	羽咋郡 志賀町	37.006187	136.77801000000002
170003	石川県	173860	羽咋郡 宝達志水町	36.862759	136.797557
170003	石川県	174076	鹿島郡 中能登町	36.98889	136.901476
170003	石川県	174611	鳳珠郡 穴水町	37.230874	136.912479
170003	石川県	174637	鳳珠郡 能登町	37.310401	137.14779
180009	福井県	182010	福井市	36.06412	136.219452
180009	福井県	182028	敦賀市	35.645222	136.055544
180009	福井県	182044	小浜市	35.49559300000001	135.746647
180009	福井県	182052	大野市	35.98056400000001	136.487692
180009	福井県	182061	勝山市	36.060917	136.500542
180009	福井県	182079	鯖江市	35.956565000000005	136.184238
180009	福井県	182087	あわら市	36.211361	136.229012
180009	福井県	182095	越前市	35.903471	136.168672
180009	福井県	182109	坂井市	36.16690200000001	136.231287
180009	福井県	183229	吉田郡 永平寺町	36.092248	136.298724
180009	福井県	183822	今立郡 池田町	35.890383	136.344079
180009	福井県	184047	南条郡 南越前町	35.83515	136.194435
180009	福井県	184233	丹生郡 越前町	35.974264	136.129765
180009	福井県	184420	三方郡 美浜町	35.6006	135.940619
180009	福井県	184811	大飯郡 高浜町	35.487821	135.546157
180009	福井県	184837	大飯郡 おおい町	35.481128	135.617885
180009	福井県	185019	三方上中郡 若狭町	35.548882000000006	135.908384
190004	山梨県	192015	甲府市	35.66203333	138.5683386
190004	山梨県	192023	富士吉田市	35.487499	138.807857
190004	山梨県	192040	都留市	35.551565	138.90547
190004	山梨県	192058	山梨市	35.69342902	138.686955
190004	山梨県	192066	大月市	35.610474	138.940041
190004	山梨県	192074	韮崎市	35.708804	138.446192
190004	山梨県	192082	南アルプス市	35.608361	138.465005
190004	山梨県	192091	北杜市	35.776501	138.423537
190004	山梨県	192104	甲斐市	35.660829	138.515796
190004	山梨県	192112	笛吹市	35.647296	138.63973
190004	山梨県	192121	上野原市	35.630301	139.108751
190004	山梨県	192139	甲州市	35.704308	138.729456
190004	山梨県	192147	中央市	35.599643	138.517269
190004	山梨県	193461	西八代郡 市川三郷町	35.56512	138.502406
190004	山梨県	193640	南巨摩郡 早川町	35.412658	138.363192
190004	山梨県	193658	南巨摩郡 身延町	35.467569	138.442488
190004	山梨県	193666	南巨摩郡 南部町	35.2423	138.486054
190004	山梨県	193682	南巨摩郡 富士川町	35.561163	138.461305
190004	山梨県	193844	中巨摩郡 昭和町	35.627928	138.535148
190004	山梨県	194221	南都留郡 道志村	35.528025	139.033429
190004	山梨県	194239	南都留郡 西桂町	35.524082	138.84688
190004	山梨県	194247	南都留郡 忍野村	35.460062	138.847853
190004	山梨県	194255	南都留郡 山中湖村	35.410644	138.861078
190004	山梨県	194298	南都留郡 鳴沢村	35.481318	138.706609
190004	山梨県	194301	南都留郡 富士河口湖町	35.497297	138.754926
190004	山梨県	194425	北都留郡 小菅村	35.760274	138.94028300000002
190004	山梨県	194433	北都留郡 丹波山村	35.79174	138.917769
200000	長野県	202011	長野市	36.648631	138.1942866
200000	長野県	202029	松本市	36.238096	137.971992
200000	長野県	202037	上田市	36.401942	138.249069
200000	長野県	202045	岡谷市	36.067003	138.049557
200000	長野県	202053	飯田市	35.514703	137.821824
200000	長野県	202061	諏訪市	36.039175	138.113984
200000	長野県	202070	須坂市	36.651117	138.307275
200000	長野県	202088	小諸市	36.326874	138.426021
200000	長野県	202096	伊那市	35.827478	137.954083
200000	長野県	202100	駒ヶ根市	35.728861	137.933993
200000	長野県	202118	中野市	36.742027	138.36947
200000	長野県	202126	大町市	36.502976	137.851169
200000	長野県	202134	飯山市	36.851745	138.365498
200000	長野県	202142	茅野市	35.995571	138.158896
200000	長野県	202151	塩尻市	36.11502	137.95338
200000	長野県	202177	佐久市	36.248788	138.476831
200000	長野県	202185	千曲市	36.530877	138.11468300000004
200000	長野県	202193	東御市	36.35955	138.330295
200000	長野県	202207	安曇野市	36.303942	137.90576
200000	長野県	203033	南佐久郡 小海町	36.095241	138.483515
200000	長野県	203041	南佐久郡 川上村	35.975487	138.578605
200000	長野県	203050	南佐久郡 南牧村	36.020907	138.492185
200000	長野県	203068	南佐久郡 南相木村	36.036072	138.54689
200000	長野県	203076	南佐久郡 北相木村	36.059195	138.551203
200000	長野県	203092	南佐久郡 佐久穂町	36.16098	138.483425
200000	長野県	203211	北佐久郡 軽井沢町	36.34831	138.596966
200000	長野県	203238	北佐久郡 御代田町	36.322754	138.506479
200000	長野県	203246	北佐久郡 立科町	36.272089	138.315991
200000	長野県	203491	小県郡 青木村	36.369998	138.128698
200000	長野県	203505	小県郡 長和町	36.26992	138.257967
200000	長野県	203611	諏訪郡 下諏訪町	36.069577	138.08006800000004
200000	長野県	203629	諏訪郡 富士見町	35.914652	138.24074
200000	長野県	203637	諏訪郡 原村	35.964354	138.217471
200000	長野県	203823	上伊那郡 辰野町	35.982413	137.987428
200000	長野県	203831	上伊那郡 箕輪町	35.91502	137.98199200000002
200000	長野県	203840	上伊那郡 飯島町	35.676622	137.919523
200000	長野県	203858	上伊那郡 南箕輪村	35.872853	137.975084
200000	長野県	203866	上伊那郡 中川村	35.634617	137.945961
200000	長野県	203882	上伊那郡 宮田村	35.768882	137.944209
200000	長野県	204021	下伊那郡 松川町	35.59723100000001	137.909667
200000	長野県	204030	下伊那郡 高森町	35.551542	137.878519
200000	長野県	204048	下伊那郡 阿南町	35.32362	137.81609
200000	長野県	204072	下伊那郡 阿智村	35.443791	137.747444
200000	長野県	204099	下伊那郡 平谷村	35.323279	137.630083
200000	長野県	204102	下伊那郡 根羽村	35.255419	137.58176
200000	長野県	204111	下伊那郡 下條村	35.39733	137.785926
200000	長野県	204129	下伊那郡 売木村	35.271068	137.711191
200000	長野県	204137	下伊那郡 天龍村	35.276307	137.854244
200000	長野県	204145	下伊那郡 泰阜村	35.377434	137.846157
200000	長野県	204153	下伊那郡 喬木村	35.513823	137.873751
200000	長野県	204161	下伊那郡 豊丘村	35.551497	137.895791
200000	長野県	204170	下伊那郡 大鹿村	35.578234	138.034044
200000	長野県	204226	木曽郡 上松町	35.782192	137.693244
200000	長野県	204234	木曽郡 南木曽町	35.603787	137.608936
200000	長野県	204251	木曽郡 木祖村	35.936307	137.783163
200000	長野県	204293	木曽郡 王滝村	35.809343	137.551076
200000	長野県	204307	木曽郡 大桑村	35.6892	137.6714
200000	長野県	204323	木曽郡 木曽町	35.842455	137.691534
200000	長野県	204463	東筑摩郡 麻績村	36.456086	138.045267
200000	長野県	204480	東筑摩郡 生坂村	36.425234	137.927484
200000	長野県	204501	東筑摩郡 山形村	36.168104	137.87897
200000	長野県	204510	東筑摩郡 朝日村	36.129275	137.867147
200000	長野県	204528	東筑摩郡 筑北村	36.402706	138.011643
200000	長野県	204811	北安曇郡 池田町	36.421368	137.874499
200000	長野県	204820	北安曇郡 松川村	36.424045	137.854556
200000	長野県	204854	北安曇郡 白馬村	36.69807	137.861969
200000	長野県	204862	北安曇郡 小谷村	36.779206	137.908305
200000	長野県	205214	埴科郡 坂城町	36.461839	138.180106
200000	長野県	205419	上高井郡 小布施町	36.697478	138.312146
200000	長野県	205435	上高井郡 高山村	36.67977	138.363261
200000	長野県	205613	下高井郡 山ノ内町	36.744606	138.412621
200000	長野県	205621	下高井郡 木島平村	36.857841	138.407012
200000	長野県	205630	下高井郡 野沢温泉村	36.922728	138.440456
200000	長野県	205834	上水内郡 信濃町	36.806379	138.206991
200000	長野県	205885	上水内郡 小川村	36.617135	137.974801
200000	長野県	205907	上水内郡 飯綱町	36.754661	138.23553
200000	長野県	206024	下水内郡 栄村	36.987481	138.577359
210005	岐阜県	212016	岐阜市	35.426201	136.759974
210005	岐阜県	212024	大垣市	35.359365	136.612753
210005	岐阜県	212032	高山市	36.146093	137.252206
210005	岐阜県	212041	多治見市	35.332773	137.132078
210005	岐阜県	212059	関市	35.495777	136.917895
210005	岐阜県	212067	中津川市	35.487493	137.500616
210005	岐阜県	212075	美濃市	35.544713	136.90757
210005	岐阜県	212083	瑞浪市	35.36174	137.254639
210005	岐阜県	212091	羽島市	35.31991	136.703349
210005	岐阜県	212105	恵那市	35.44932	137.412817
210005	岐阜県	212113	美濃加茂市	35.440242	137.015664
210005	岐阜県	212121	土岐市	35.352497	137.183205
210005	岐阜県	212130	各務原市	35.398912	136.848393
210005	岐阜県	212148	可児市	35.426132	137.061075
210005	岐阜県	212156	山県市	35.506111	136.781401
210005	岐阜県	212164	瑞穂市	35.391826	136.690784
210005	岐阜県	212172	飛騨市	36.238144	137.186246
210005	岐阜県	212181	本巣市	35.483052	136.678771
210005	岐阜県	212199	郡上市	35.748569	136.964368
210005	岐阜県	212202	下呂市	35.805879	137.244061
210005	岐阜県	212211	海津市	35.22047	136.636612
210005	岐阜県	213021	羽島郡 岐南町	35.389594	136.78262
210005	岐阜県	213039	羽島郡 笠松町	35.367222	136.76319200000003
210005	岐阜県	213411	養老郡 養老町	35.308411	136.561359
210005	岐阜県	213616	不破郡 垂井町	35.366223	136.537963
210005	岐阜県	213624	不破郡 関ケ原町	35.365523	136.466976
210005	岐阜県	213811	安八郡 神戸町	35.41734900000001	136.608517
210005	岐阜県	213829	安八郡 輪之内町	35.285113	136.637444
210005	岐阜県	213837	安八郡 安八町	35.335418	136.66541500000002
210005	岐阜県	214019	揖斐郡 揖斐川町	35.486948	136.5682
210005	岐阜県	214035	揖斐郡 大野町	35.470675	136.627636
210005	岐阜県	214043	揖斐郡 池田町	35.4423	136.572851
210005	岐阜県	214213	本巣郡 北方町	35.435686	136.684315
210005	岐阜県	215015	加茂郡 坂祝町	35.426734	136.98537
210005	岐阜県	215023	加茂郡 富加町	35.484761	136.979707
210005	岐阜県	215031	加茂郡 川辺町	35.486548	137.070605
210005	岐阜県	215040	加茂郡 七宗町	35.54384	137.119946
210005	岐阜県	215058	加茂郡 八百津町	35.475988	137.141499
210005	岐阜県	215066	加茂郡 白川町	35.581862	137.187821
210005	岐阜県	215074	加茂郡 東白川村	35.64256	137.323745
210005	岐阜県	215210	可児郡 御嵩町	35.434493	137.130885
210005	岐阜県	216046	大野郡 白川村	36.270904	136.898542
220001	静岡県	221015	静岡市 葵区	34.975135	138.383259
220001	静岡県	221023	静岡市 駿河区	34.960745	138.404047
220001	静岡県	221031	静岡市 清水区	35.01573	138.489603
220001	静岡県	221384	浜松市 中央区	34.710865	137.726117
220001	静岡県	221392	浜松市 浜名区	34.791607	137.783447
220001	静岡県	221406	浜松市 天竜区	34.872686	137.815924
220001	静岡県	222038	沼津市	35.095723	138.863337
220001	静岡県	222054	熱海市	35.095987	139.071546
220001	静岡県	222062	三島市	35.118483	138.918501
220001	静岡県	222071	富士宮市	35.221983	138.621656
220001	静岡県	222089	伊東市	34.96568	139.102048
220001	静岡県	222097	島田市	34.836417000000004	138.176055
220001	静岡県	222101	富士市	35.161386	138.676311
220001	静岡県	222119	磐田市	34.717881000000006	137.851511
220001	静岡県	222127	焼津市	34.866906	138.32326
220001	静岡県	222135	掛川市	34.768717	137.998403
220001	静岡県	222143	藤枝市	34.867349	138.257548
220001	静岡県	222151	御殿場市	35.308615	138.934506
220001	静岡県	222160	袋井市	34.75016	137.924624
220001	静岡県	222194	下田市	34.679536	138.945316
220001	静岡県	222208	裾野市	35.173891	138.906724
220001	静岡県	222216	湖西市	34.718474	137.531617
220001	静岡県	222224	伊豆市	34.976591	138.946715
220001	静岡県	222232	御前崎市	34.637977	138.12811700000003
220001	静岡県	222241	菊川市	34.757721	138.084539
220001	静岡県	222259	伊豆の国市	35.027713	138.928885
220001	静岡県	222267	牧之原市	34.740059	138.224641
220001	静岡県	223018	賀茂郡 東伊豆町	34.772816000000006	139.041265
220001	静岡県	223026	賀茂郡 河津町	34.757018	138.987622
220001	静岡県	223042	賀茂郡 南伊豆町	34.651089	138.858533
220001	静岡県	223051	賀茂郡 松崎町	34.752763	138.778757
220001	静岡県	223069	賀茂郡 西伊豆町	34.771693	138.775334
220001	静岡県	223255	田方郡 函南町	35.088937	138.953348
220001	静岡県	223417	駿東郡 清水町	35.099015	138.90272000000002
220001	静岡県	223425	駿東郡 長泉町	35.137712	138.89725800000002
220001	静岡県	223441	駿東郡 小山町	35.36011	138.98729600000001
220001	静岡県	224243	榛原郡 吉田町	34.77087	138.251943
220001	静岡県	224294	榛原郡 川根本町	35.046822	138.081695
220001	静岡県	224618	周智郡 森町	34.835601	137.927088
230006	愛知県	231011	名古屋市 千種区	35.162635	136.97762
230006	愛知県	231029	名古屋市 東区	35.179314	136.926043
230006	愛知県	231037	名古屋市 北区	35.194169	136.911558
230006	愛知県	231045	名古屋市 西区	35.189109	136.890058
230006	愛知県	231053	名古屋市 中村区	35.17683	136.868423
230006	愛知県	231061	名古屋市 中区	35.168607	136.910156
230006	愛知県	231070	名古屋市 昭和区	35.150216	136.934166
230006	愛知県	231088	名古屋市 瑞穂区	35.131439	136.934953
230006	愛知県	231096	名古屋市 熱田区	35.128372	136.910317
230006	愛知県	231100	名古屋市 中川区	35.141539	136.854816
230006	愛知県	231118	名古屋市 港区	35.107792	136.885553
230006	愛知県	231126	名古屋市 南区	35.095127	136.931212
230006	愛知県	231134	名古屋市 守山区	35.203343	136.97633
230006	愛知県	231142	名古屋市 緑区	35.070721	136.952602
230006	愛知県	231151	名古屋市 名東区	35.175862	137.010239
230006	愛知県	231169	名古屋市 天白区	35.12274	136.975049
230006	愛知県	232017	豊橋市	34.769199	137.391469
230006	愛知県	232025	岡崎市	34.954809	137.172999
230006	愛知県	232033	一宮市	35.304013	136.802344
230006	愛知県	232041	瀬戸市	35.22362	137.084117
230006	愛知県	232050	半田市	34.892626	136.93785
230006	愛知県	232068	春日井市	35.247664	136.972232
230006	愛知県	232076	豊川市	34.826784	137.375578
230006	愛知県	232084	津島市	35.17704	136.741236
230006	愛知県	232092	碧南市	34.884782	136.993362
230006	愛知県	232106	刈谷市	34.988864	137.00206
230006	愛知県	232114	豊田市	35.082345	137.15622400000004
230006	愛知県	232122	安城市	34.958644	137.080297
230006	愛知県	232131	西尾市	34.862009	137.061741
230006	愛知県	232149	蒲郡市	34.826439	137.219653
230006	愛知県	232157	犬山市	35.378641	136.944625
230006	愛知県	232165	常滑市	34.896051	136.854495
230006	愛知県	232173	江南市	35.331953	136.870453
230006	愛知県	232190	小牧市	35.291141	136.911971
230006	愛知県	232203	稲沢市	35.248135	136.780216
230006	愛知県	232211	新城市	34.899025	137.49785
230006	愛知県	232220	東海市	35.022976	136.902229
230006	愛知県	232238	大府市	35.011611	136.963868
230006	愛知県	232246	知多市	34.996533	136.864755
230006	愛知県	232254	知立市	35.001285	137.050843
230006	愛知県	232262	尾張旭市	35.216568	137.035412
230006	愛知県	232271	高浜市	34.92763	136.98766
230006	愛知県	232289	岩倉市	35.279433	136.871428
230006	愛知県	232297	豊明市	35.053756	137.013124
230006	愛知県	232301	日進市	35.132018	137.039414
230006	愛知県	232319	田原市	34.668972	137.26383
230006	愛知県	232327	愛西市	35.152802	136.728217
230006	愛知県	232335	清須市	35.199848	136.852934
230006	愛知県	232343	北名古屋市	35.245657	136.865961
230006	愛知県	232351	弥富市	35.110118	136.72472
230006	愛知県	232360	みよし市	35.089699	137.074728
230006	愛知県	232378	あま市	35.188266	136.803703
230006	愛知県	232386	長久手市	35.18412	137.048631
230006	愛知県	233021	愛知郡 東郷町	35.09679	137.052623
230006	愛知県	233421	西春日井郡 豊山町	35.250462	136.911977
230006	愛知県	233617	丹羽郡 大口町	35.332444	136.907694
230006	愛知県	233625	丹羽郡 扶桑町	35.35914	136.913079
230006	愛知県	234249	海部郡 大治町	35.175089	136.8201
230006	愛知県	234257	海部郡 蟹江町	35.132339	136.786679
230006	愛知県	234273	海部郡 飛島村	35.078804	136.791157
230006	愛知県	234419	知多郡 阿久比町	34.932569	136.91551200000004
230006	愛知県	234427	知多郡 東浦町	34.977139	136.965569
230006	愛知県	234451	知多郡 南知多町	34.715169	136.929934
230006	愛知県	234460	知多郡 美浜町	34.778843	136.908251
230006	愛知県	234478	知多郡 武豊町	34.85097	136.914937
230006	愛知県	235016	額田郡 幸田町	34.864425	137.165667
230006	愛知県	235610	北設楽郡 設楽町	35.097298	137.571225
230006	愛知県	235628	北設楽郡 東栄町	35.07693	137.697833
230006	愛知県	235636	北設楽郡 豊根村	35.146394	137.719871
240001	三重県	242012	津市	34.718563	136.50544300000004
240001	三重県	242021	四日市市	34.965092	136.624427
240001	三重県	242039	伊勢市	34.487506	136.709286
240001	三重県	242047	松阪市	34.577974	136.527595
240001	三重県	242055	桑名市	35.062288	136.683539
240001	三重県	242071	鈴鹿市	34.881866	136.584185
240001	三重県	242080	名張市	34.627662	136.108299
240001	三重県	242098	尾鷲市	34.070799	136.190998
240001	三重県	242101	亀山市	34.855755	136.451645
240001	三重県	242110	鳥羽市	34.481432	136.843378
240001	三重県	242128	熊野市	33.88862	136.100288
240001	三重県	242144	いなべ市	35.158372	136.516784
240001	三重県	242152	志摩市	34.328218	136.829655
240001	三重県	242161	伊賀市	34.749838	136.142305
240001	三重県	243035	桑名郡 木曽岬町	35.075958	136.731353
240001	三重県	243248	員弁郡 東員町	35.074125	136.583756
240001	三重県	243418	三重郡 菰野町	35.020001	136.507346
240001	三重県	243434	三重郡 朝日町	35.034221	136.664366
240001	三重県	243442	三重郡 川越町	35.02295	136.673971
240001	三重県	244414	多気郡 多気町	34.496156	136.546149
240001	三重県	244422	多気郡 明和町	34.547528	136.623251
240001	三重県	244431	多気郡 大台町	34.39337	136.407876
240001	三重県	244619	度会郡 玉城町	34.490276	136.630932
240001	三重県	244708	度会郡 度会町	34.4389	136.62251
240001	三重県	244716	度会郡 大紀町	34.358023	136.415798
240001	三重県	244724	度会郡 南伊勢町	34.352059	136.70365
240001	三重県	245437	北牟婁郡 紀北町	34.211199	136.336852
240001	三重県	245615	南牟婁郡 御浜町	33.814505	136.048677
240001	三重県	245623	南牟婁郡 紀宝町	33.73387	136.009715
250007	滋賀県	252018	大津市	35.018357	135.854666
250007	滋賀県	252026	彦根市	35.274464	136.259623
250007	滋賀県	252034	長浜市	35.380758	136.278588
250007	滋賀県	252042	近江八幡市	35.128214	136.097846
250007	滋賀県	252069	草津市	35.013123	135.959994
250007	滋賀県	252077	守山市	35.058663	135.99402
250007	滋賀県	252085	栗東市	35.021614	135.997993
250007	滋賀県	252093	甲賀市	34.96612	136.167084
250007	滋賀県	252107	野洲市	35.06747	136.025873
250007	滋賀県	252115	湖南市	35.004106	136.084693
250007	滋賀県	252123	高島市	35.353052	136.035785
250007	滋賀県	252131	東近江市	35.112603	136.20762
250007	滋賀県	252140	米原市	35.315073	136.291414
250007	滋賀県	253839	蒲生郡 日野町	35.018018	136.24602300000004
250007	滋賀県	253847	蒲生郡 竜王町	35.06075	136.124438
250007	滋賀県	254258	愛知郡 愛荘町	35.168834	136.212306
250007	滋賀県	254410	犬上郡 豊郷町	35.200382	136.229974
250007	滋賀県	254428	犬上郡 甲良町	35.204224	136.26135
250007	滋賀県	254436	犬上郡 多賀町	35.222035	136.292199
260002	京都府	261017	京都市 北区	35.04097	135.753991
260002	京都府	261025	京都市 上京区	35.02953	135.756697
260002	京都府	261033	京都市 左京区	35.04858	135.778575
260002	京都府	261041	京都市 中京区	35.01040400000001	135.751433
260002	京都府	261050	京都市 東山区	34.997082	135.776282
260002	京都府	261068	京都市 下京区	34.98756	135.755469
260002	京都府	261076	京都市 南区	34.976756	135.746418
260002	京都府	261084	京都市 右京区	35.010116	135.715996
260002	京都府	261092	京都市 伏見区	34.935546	135.761321
260002	京都府	261106	京都市 山科区	34.972297	135.813625
260002	京都府	261114	京都市 西京区	34.985027	135.693108
260002	京都府	262013	福知山市	35.296725	135.126532
260002	京都府	262021	舞鶴市	35.474797	135.385992
260002	京都府	262030	綾部市	35.298916	135.258812
260002	京都府	262048	宇治市	34.8844	135.79978
260002	京都府	262056	宮津市	35.535577	135.195567
260002	京都府	262064	亀岡市	35.013475	135.57351200000002
260002	京都府	262072	城陽市	34.852958	135.780074
260002	京都府	262081	向日市	34.948699	135.698319
260002	京都府	262099	長岡京市	34.926782	135.695685
260002	京都府	262102	八幡市	34.875533	135.707571
260002	京都府	262111	京田辺市	34.814442	135.767842
260002	京都府	262129	京丹後市	35.624169	135.060997
260002	京都府	262137	南丹市	35.10739	135.470239
260002	京都府	262145	木津川市	34.737179	135.820058
260002	京都府	263036	乙訓郡 大山崎町	34.902795	135.688476
260002	京都府	263222	久世郡 久御山町	34.881502	135.732564
260002	京都府	263435	綴喜郡 井手町	34.800695	135.814571
260002	京都府	263443	綴喜郡 宇治田原町	34.844856	135.868
260002	京都府	263648	相楽郡 笠置町	34.760497	135.93938
260002	京都府	263656	相楽郡 和束町	34.795726	135.904866
260002	京都府	263664	相楽郡 精華町	34.760819	135.785686
260002	京都府	263672	相楽郡 南山城村	34.772787	135.993665
260002	京都府	264075	船井郡 京丹波町	35.170002	135.419288
260002	京都府	264636	与謝郡 伊根町	35.675172	135.272853
260002	京都府	264652	与謝郡 与謝野町	35.565375	135.15291600000003
270008	大阪府	271021	大阪市 都島区	34.701279	135.52809
270008	大阪府	271039	大阪市 福島区	34.692357	135.472232
270008	大阪府	271047	大阪市 此花区	34.683038	135.452225
270008	大阪府	271063	大阪市 西区	34.676384	135.486111
270008	大阪府	271071	大阪市 港区	34.663918	135.460611
270008	大阪府	271080	大阪市 大正区	34.650417	135.472694
270008	大阪府	271098	大阪市 天王寺区	34.657869	135.51937
270008	大阪府	271110	大阪市 浪速区	34.659419	135.49955
270008	大阪府	271136	大阪市 西淀川区	34.711409	135.456202
270008	大阪府	271144	大阪市 東淀川区	34.741313	135.52934
270008	大阪府	271152	大阪市 東成区	34.669996	135.541223
270008	大阪府	271161	大阪市 生野区	34.653745	135.534447
270008	大阪府	271179	大阪市 旭区	34.721266	135.54414200000002
270008	大阪府	271187	大阪市 城東区	34.703253	135.544472
270008	大阪府	271195	大阪市 阿倍野区	34.638969	135.518499
270008	大阪府	271209	大阪市 住吉区	34.603718	135.500498
270008	大阪府	271217	大阪市 東住吉区	34.622118	135.526612
270008	大阪府	271225	大阪市 西成区	34.635058	135.494587
270008	大阪府	271233	大阪市 淀川区	34.721006	135.486746
270008	大阪府	271241	大阪市 鶴見区	34.704566	135.57419
270008	大阪府	271250	大阪市 住之江区	34.60967	135.482717
270008	大阪府	271268	大阪市 平野区	34.62116	135.545999
270008	大阪府	271276	大阪市 北区	34.705581	135.510095
270008	大阪府	271284	大阪市 中央区	34.681225	135.509687
270008	大阪府	271411	堺市 堺区	34.573354	135.48302
270008	大阪府	271420	堺市 中区	34.528312	135.498724
270008	大阪府	271438	堺市 東区	34.538228	135.536474
270008	大阪府	271446	堺市 西区	34.535063	135.464014
270008	大阪府	271454	堺市 南区	34.486444000000006	135.49054
270008	大阪府	271462	堺市 北区	34.565478	135.51719200000002
270008	大阪府	271471	堺市 美原区	34.538483	135.559827
270008	大阪府	272027	岸和田市	34.460597	135.370871
270008	大阪府	272035	豊中市	34.781239	135.469889
270008	大阪府	272043	池田市	34.82168600000001	135.428555
270008	大阪府	272051	吹田市	34.759405	135.516799
270008	大阪府	272060	泉大津市	34.504268	135.410472
270008	大阪府	272078	高槻市	34.8461	135.617216
270008	大阪府	272086	貝塚市	34.437686	135.358431
270008	大阪府	272094	守口市	34.735935	135.561714
270008	大阪府	272108	枚方市	34.814465	135.650642
270008	大阪府	272116	茨木市	34.816153	135.568503
270008	大阪府	272124	八尾市	34.626884	135.600948
270008	大阪府	272132	泉佐野市	34.406839	135.327337
270008	大阪府	272141	富田林市	34.499675	135.59728
270008	大阪府	272159	寝屋川市	34.766079	135.628008
270008	大阪府	272167	河内長野市	34.458107	135.564119
270008	大阪府	272175	松原市	34.577901	135.551786
270008	大阪府	272183	大東市	34.712013	135.623471
270008	大阪府	272191	和泉市	34.483635	135.423624
270008	大阪府	272205	箕面市	34.826929	135.470379
270008	大阪府	272213	柏原市	34.579305	135.628642
270008	大阪府	272221	羽曳野市	34.558002	135.606226
270008	大阪府	272230	門真市	34.739145	135.586899
270008	大阪府	272248	摂津市	34.777387	135.561886
270008	大阪府	272256	高石市	34.520673	135.442395
270008	大阪府	272264	藤井寺市	34.574283	135.597476
270008	大阪府	272272	東大阪市	34.679324	135.600898
270008	大阪府	272281	泉南市	34.366007	135.2733
270008	大阪府	272299	四條畷市	34.740064000000004	135.639727
270008	大阪府	272302	交野市	34.787958	135.679978
270008	大阪府	272311	大阪狭山市	34.503718	135.555748
270008	大阪府	272329	阪南市	34.359594	135.239656
270008	大阪府	273015	三島郡 島本町	34.883819	135.663009
270008	大阪府	273210	豊能郡 豊能町	34.91885	135.494096
270008	大阪府	273228	豊能郡 能勢町	34.972445	135.414189
270008	大阪府	273414	泉北郡 忠岡町	34.487125	135.401497
270008	大阪府	273619	泉南郡 熊取町	34.401308	135.355863
270008	大阪府	273627	泉南郡 田尻町	34.393782	135.291176
270008	大阪府	273660	泉南郡 岬町	34.3169	135.142085
270008	大阪府	273813	南河内郡 太子町	34.518656	135.647734
270008	大阪府	273821	南河内郡 河南町	34.491637	135.62988
270008	大阪府	273830	南河内郡 千早赤阪村	34.464601	135.622531
280003	兵庫県	281018	神戸市 東灘区	34.720159	135.265429
280003	兵庫県	281026	神戸市 灘区	34.712356	135.239571
280003	兵庫県	281051	神戸市 兵庫区	34.680584	135.165383
280003	兵庫県	281069	神戸市 長田区	34.665686	135.150854
280003	兵庫県	281077	神戸市 須磨区	34.658634	135.133702
280003	兵庫県	281085	神戸市 垂水区	34.63061	135.056919
280003	兵庫県	281093	神戸市 北区	34.724128	135.146196
280003	兵庫県	281107	神戸市 中央区	34.689678	135.194948
280003	兵庫県	281115	神戸市 西区	34.720883	135.019349
280003	兵庫県	282014	姫路市	34.815496	134.685458
280003	兵庫県	282022	尼崎市	34.733554	135.406394
280003	兵庫県	282031	明石市	34.643109	134.997182
280003	兵庫県	282049	西宮市	34.737691	135.34183
280003	兵庫県	282057	洲本市	34.342522	134.895653
280003	兵庫県	282065	芦屋市	34.726522	135.304179
280003	兵庫県	282073	伊丹市	34.784295	135.400933
280003	兵庫県	282081	相生市	34.803662	134.468193
280003	兵庫県	282090	豊岡市	35.544475	134.820187
280003	兵庫県	282103	加古川市	34.75662	134.8409
280003	兵庫県	282120	赤穂市	34.754974	134.390354
280003	兵庫県	282138	西脇市	34.983421	134.979696
280003	兵庫県	282146	宝塚市	34.799817	135.36009800000002
280003	兵庫県	282154	三木市	34.796922	134.990188
280003	兵庫県	282162	高砂市	34.766248	134.790478
280003	兵庫県	282171	川西市	34.830132	135.417222
280003	兵庫県	282189	小野市	34.857922	134.940106
280003	兵庫県	282197	三田市	34.889672	135.22529
280003	兵庫県	282201	加西市	34.927811	134.841819
280003	兵庫県	282219	丹波篠山市	35.075673	135.219002
280003	兵庫県	282227	養父市	35.40464	134.767668
280003	兵庫県	282235	丹波市	35.177259	135.035816
280003	兵庫県	282243	南あわじ市	34.294479	134.779839
280003	兵庫県	282251	朝来市	35.339835	134.853117
280003	兵庫県	282260	淡路市	34.439847	134.914633
280003	兵庫県	282278	宍粟市	35.004435	134.549377
280003	兵庫県	282286	加東市	34.91737	134.973345
280003	兵庫県	282294	たつの市	34.857847	134.545397
280003	兵庫県	283011	川辺郡 猪名川町	34.894966	135.376164
280003	兵庫県	283657	多可郡 多可町	35.050315	134.923359
280003	兵庫県	283819	加古郡 稲美町	34.748627	134.913384
280003	兵庫県	283827	加古郡 播磨町	34.715302	134.867911
280003	兵庫県	284424	神崎郡 市川町	34.989365	134.763289
280003	兵庫県	284432	神崎郡 福崎町	34.950319	134.760245
280003	兵庫県	284467	神崎郡 神河町	35.064235	134.739856
280003	兵庫県	284645	揖保郡 太子町	34.83325	134.572343
280003	兵庫県	284815	赤穂郡 上郡町	34.873583	134.356098
280003	兵庫県	285013	佐用郡 佐用町	35.004296	134.355771
280003	兵庫県	285854	美方郡 香美町	35.632169	134.629175
280003	兵庫県	285862	美方郡 新温泉町	35.623509	134.448942
290009	奈良県	292010	奈良市	34.685117	135.80499500000002
290009	奈良県	292028	大和高田市	34.515724	135.737388
290009	奈良県	292036	大和郡山市	34.649368	135.782747
290009	奈良県	292044	天理市	34.596617	135.837367
290009	奈良県	292052	橿原市	34.509453	135.792756
290009	奈良県	292061	桜井市	34.5187	135.843232
290009	奈良県	292079	五條市	34.356271	135.695588
290009	奈良県	292087	御所市	34.46334	135.740177
290009	奈良県	292095	生駒市	34.691979	135.700553
290009	奈良県	292109	香芝市	34.541295	135.699162
290009	奈良県	292117	葛城市	34.489158	135.726563
290009	奈良県	292125	宇陀市	34.528073	135.952303
290009	奈良県	293229	山辺郡 山添村	34.681261	136.043797
290009	奈良県	293423	生駒郡 平群町	34.629155000000004	135.700711
290009	奈良県	293431	生駒郡 三郷町	34.599977	135.695425
290009	奈良県	293440	生駒郡 斑鳩町	34.608852	135.730593
290009	奈良県	293458	生駒郡 安堵町	34.606488	135.756781
290009	奈良県	293610	磯城郡 川西町	34.584383	135.773871
290009	奈良県	293628	磯城郡 三宅町	34.573678	135.773177
290009	奈良県	293636	磯城郡 田原本町	34.556667	135.79494
290009	奈良県	293857	宇陀郡 曽爾村	34.510664	136.124475
290009	奈良県	293865	宇陀郡 御杖村	34.488391	136.16591
290009	奈良県	294012	高市郡 高取町	34.449468	135.793168
290009	奈良県	294021	高市郡 明日香村	34.470547	135.8125
290009	奈良県	294241	北葛城郡 上牧町	34.562723	135.716674
290009	奈良県	294250	北葛城郡 王寺町	34.594696	135.706705
290009	奈良県	294268	北葛城郡 広陵町	34.54274	135.750842
290009	奈良県	294276	北葛城郡 河合町	34.578369	135.736699
290009	奈良県	294411	吉野郡 吉野町	34.396046	135.857612
290009	奈良県	294420	吉野郡 大淀町	34.390529	135.789798
290009	奈良県	294438	吉野郡 下市町	34.360951	135.791872
290009	奈良県	294446	吉野郡 黒滝村	34.309276	135.85225
290009	奈良県	294462	吉野郡 天川村	34.241929	135.855135
290009	奈良県	294471	吉野郡 野迫川村	34.166293	135.63303
290009	奈良県	294497	吉野郡 十津川村	33.988504	135.792611
290009	奈良県	294501	吉野郡 下北山村	34.00508	135.955178
290009	奈良県	294519	吉野郡 上北山村	34.134321	136.000149
290009	奈良県	294527	吉野郡 川上村	34.338121	135.954303
290009	奈良県	294535	吉野郡 東吉野村	34.403541	135.968307
300004	和歌山県	302015	和歌山市	34.230514	135.170808
300004	和歌山県	302023	海南市	34.157601	135.239634
300004	和歌山県	302031	橋本市	34.314876	135.605208
300004	和歌山県	302040	有田市	34.083104	135.127727
300004	和歌山県	302058	御坊市	33.891412	135.152406
300004	和歌山県	302066	田辺市	33.728010000000005	135.377662
300004	和歌山県	302074	新宮市	33.724224	135.992525
300004	和歌山県	302082	紀の川市	34.269538	135.362576
300004	和歌山県	302091	岩出市	34.256267	135.311451
300004	和歌山県	303046	海草郡 紀美野町	34.167192	135.307575
300004	和歌山県	303411	伊都郡 かつらぎ町	34.296416	135.503802
300004	和歌山県	303437	伊都郡 九度山町	34.287192	135.562242
300004	和歌山県	303445	伊都郡 高野町	34.216077	135.586536
300004	和歌山県	303615	有田郡 湯浅町	34.029411	135.190474
300004	和歌山県	303623	有田郡 広川町	34.029957	135.173072
300004	和歌山県	303666	有田郡 有田川町	34.057488	135.216116
300004	和歌山県	303810	日高郡 美浜町	33.893806	135.133265
300004	和歌山県	303828	日高郡 日高町	33.925677	135.141072
300004	和歌山県	303836	日高郡 由良町	33.959251	135.118187
300004	和歌山県	303909	日高郡 印南町	33.819553000000006	135.222639
300004	和歌山県	303917	日高郡 みなべ町	33.772333	135.321434
300004	和歌山県	303925	日高郡 日高川町	33.911693	135.186
300004	和歌山県	304018	西牟婁郡 白浜町	33.678188	135.348108
300004	和歌山県	304042	西牟婁郡 上富田町	33.696352	135.428802
300004	和歌山県	304069	西牟婁郡 すさみ町	33.550062	135.496678
300004	和歌山県	304212	東牟婁郡 那智勝浦町	33.625988	135.941042
300004	和歌山県	304221	東牟婁郡 太地町	33.594037	135.943964
300004	和歌山県	304247	東牟婁郡 古座川町	33.53199	135.814999
300004	和歌山県	304271	東牟婁郡 北山村	33.9321	135.969303
300004	和歌山県	304280	東牟婁郡 串本町	33.485693	135.786998
310000	鳥取県	312011	鳥取市	35.494395	134.222122
310000	鳥取県	312029	米子市	35.42813600000001	133.330939
310000	鳥取県	312037	倉吉市	35.430182	133.825561
310000	鳥取県	312045	境港市	35.539606	133.2316
310000	鳥取県	313025	岩美郡 岩美町	35.575896	134.332087
310000	鳥取県	313254	八頭郡 若桜町	35.340149000000004	134.400992
310000	鳥取県	313289	八頭郡 智頭町	35.265081	134.226587
310000	鳥取県	313297	八頭郡 八頭町	35.409211	134.250526
310000	鳥取県	313645	東伯郡 三朝町	35.408461	133.861742
310000	鳥取県	313700	東伯郡 湯梨浜町	35.48991500000001	133.86468100000002
310000	鳥取県	313718	東伯郡 琴浦町	35.495184	133.692779
310000	鳥取県	313726	東伯郡 北栄町	35.490011	133.758294
310000	鳥取県	313840	西伯郡 日吉津村	35.440179	133.380808
310000	鳥取県	313866	西伯郡 大山町	35.510779	133.496123
310000	鳥取県	313891	西伯郡 南部町	35.34033	133.326829
310000	鳥取県	313904	西伯郡 伯耆町	35.38523	133.407384
310000	鳥取県	314013	日野郡 日南町	35.163311	133.306255
310000	鳥取県	314021	日野郡 日野町	35.240793	133.442659
310000	鳥取県	314030	日野郡 江府町	35.27576400000001	133.479128
320005	島根県	322016	松江市	35.468039	133.04852700000004
320005	島根県	322024	浜田市	34.899255	132.079883
320005	島根県	322032	出雲市	35.366917	132.754712
320005	島根県	322041	益田市	34.674814	131.84286200000003
320005	島根県	322059	大田市	35.19209	132.499351
320005	島根県	322067	安来市	35.431451	133.250851
320005	島根県	322075	江津市	35.011624	132.217707
320005	島根県	322091	雲南市	35.307648	132.900297
320005	島根県	323438	仁多郡 奥出雲町	35.197428	133.002549
320005	島根県	323861	飯石郡 飯南町	34.998609	132.713304
320005	島根県	324418	邑智郡 川本町	34.995217	132.49589500000002
320005	島根県	324485	邑智郡 美郷町	35.076512	132.590543
320005	島根県	324493	邑智郡 邑南町	34.893934	132.437976
320005	島根県	325015	鹿足郡 津和野町	34.542002	131.834956
320005	島根県	325058	鹿足郡 吉賀町	34.35351	131.935137
320005	島根県	325252	隠岐郡 海士町	36.096561	133.096701
320005	島根県	325261	隠岐郡 西ノ島町	36.091826	133.013454
320005	島根県	325279	隠岐郡 知夫村	36.013927	133.039372
320005	島根県	325287	隠岐郡 隠岐の島町	36.213368	133.311705
330001	岡山県	331015	岡山市 北区	34.655107	133.919566
330001	岡山県	331023	岡山市 中区	34.670776	133.943144
330001	岡山県	331031	岡山市 東区	34.6514	134.029443
330001	岡山県	331040	岡山市 南区	34.599771	133.919553
330001	岡山県	332020	倉敷市	34.584677	133.772281
330001	岡山県	332038	津山市	35.069118	134.004543
330001	岡山県	332046	玉野市	34.491979	133.946012
330001	岡山県	332054	笠岡市	34.507182	133.507441
330001	岡山県	332071	井原市	34.597709	133.463798
330001	岡山県	332089	総社市	34.67281	133.746531
330001	岡山県	332097	高梁市	34.791361	133.616678
330001	岡山県	332101	新見市	34.977058	133.470345
330001	岡山県	332119	備前市	34.745129	134.188137
330001	岡山県	332127	瀬戸内市	34.664893	134.092849
330001	岡山県	332135	赤磐市	34.755396	134.018848
330001	岡山県	332143	真庭市	35.075591	133.752756
330001	岡山県	332151	美作市	35.008594	134.148578
330001	岡山県	332160	浅口市	34.527834	133.584911
330001	岡山県	333468	和気郡 和気町	34.802882	134.157539
330001	岡山県	334235	都窪郡 早島町	34.600822	133.828304
330001	岡山県	334456	浅口郡 里庄町	34.51374	133.556886
330001	岡山県	334618	小田郡 矢掛町	34.627596	133.587085
330001	岡山県	335860	真庭郡 新庄村	35.179367	133.567638
330001	岡山県	336068	苫田郡 鏡野町	35.091772	133.93303
330001	岡山県	336220	勝田郡 勝央町	35.04179	134.116172
330001	岡山県	336238	勝田郡 奈義町	35.123024	134.177427
330001	岡山県	336432	英田郡 西粟倉村	35.171853	134.335708
330001	岡山県	336637	久米郡 久米南町	34.929179	133.960647
330001	岡山県	336661	久米郡 美咲町	34.997967	133.958149
330001	岡山県	336815	加賀郡 吉備中央町	34.86340400000001	133.6935
340006	広島県	341011	広島市 中区	34.386288	132.454992
340006	広島県	341029	広島市 東区	34.395333	132.482384
340006	広島県	341037	広島市 南区	34.379884	132.469061
340006	広島県	341045	広島市 西区	34.393966	132.434426
340006	広島県	341053	広島市 安佐南区	34.45185	132.471641
340006	広島県	341061	広島市 安佐北区	34.518282	132.507633
340006	広島県	341070	広島市 安芸区	34.371756	132.525542
340006	広島県	341088	広島市 佐伯区	34.36446	132.36082
340006	広島県	342025	呉市	34.249254	132.56580500000004
340006	広島県	342033	竹原市	34.341794	132.907091
340006	広島県	342041	三原市	34.39747	133.078525
340006	広島県	342050	尾道市	34.408891	133.20496600000004
340006	広島県	342076	福山市	34.485927	133.36234
340006	広島県	342084	府中市	34.568349	133.236323
340006	広島県	342092	三次市	34.805627	132.85179
340006	広島県	342106	庄原市	34.857743	133.017264
340006	広島県	342114	大竹市	34.237952	132.222361
340006	広島県	342122	東広島市	34.426787000000004	132.743746
340006	広島県	342131	廿日市市	34.348416	132.331541
340006	広島県	342149	安芸高田市	34.666099	132.703977
340006	広島県	342157	江田島市	34.174983	132.462196
340006	広島県	343021	安芸郡 府中町	34.392589	132.504544
340006	広島県	343048	安芸郡 海田町	34.366394	132.536246
340006	広島県	343072	安芸郡 熊野町	34.335783	132.584604
340006	広島県	343099	安芸郡 坂町	34.341282	132.513639
340006	広島県	343684	山県郡 安芸太田町	34.576731	132.227141
340006	広島県	343692	山県郡 北広島町	34.674541	132.538427
340006	広島県	344311	豊田郡 大崎上島町	34.269552	132.914963
340006	広島県	344621	世羅郡 世羅町	34.586837	133.056631
340006	広島県	345458	神石郡 神石高原町	34.703641	133.251527
350001	山口県	352012	下関市	33.957828	130.941459
350001	山口県	352021	宇部市	33.951623	131.246761
350001	山口県	352039	山口市	34.178178	131.473511
350001	山口県	352047	萩市	34.408107	131.399104
350001	山口県	352063	防府市	34.051756	131.562627
350001	山口県	352071	下松市	34.015038	131.870317
350001	山口県	352080	岩国市	34.1665	132.218942
350001	山口県	352101	光市	33.961916	131.942296
350001	山口県	352110	長門市	34.370959	131.182198
350001	山口県	352128	柳井市	33.963839	132.101597
350001	山口県	352136	美祢市	34.16667	131.205703
350001	山口県	352152	周南市	34.055135	131.806293
350001	山口県	352161	山陽小野田市	34.003089	131.181786
350001	山口県	353051	大島郡 周防大島町	33.927628	132.19532
350001	山口県	353213	玖珂郡 和木町	34.202408	132.220405
350001	山口県	353418	熊毛郡 上関町	33.830801	132.110193
350001	山口県	353434	熊毛郡 田布施町	33.954677	132.041366
350001	山口県	353442	熊毛郡 平生町	33.937969	132.073057
350001	山口県	355020	阿武郡 阿武町	34.503352	131.47136
360007	徳島県	362018	徳島市	34.070234	134.554713
360007	徳島県	362026	鳴門市	34.17259	134.6088
360007	徳島県	362034	小松島市	34.004713	134.590603
360007	徳島県	362042	阿南市	33.921762	134.659566
360007	徳島県	362051	吉野川市	34.066235	134.358667
360007	徳島県	362069	阿波市	34.102131	134.297578
360007	徳島県	362077	美馬市	34.053387	134.169725
360007	徳島県	362085	三好市	34.026044	133.80718
360007	徳島県	363014	勝浦郡 勝浦町	33.931453	134.511251
360007	徳島県	363022	勝浦郡 上勝町	33.888841	134.401819
360007	徳島県	363219	名東郡 佐那河内村	33.993775	134.457555
360007	徳島県	363413	名西郡 石井町	34.074698	134.440764
360007	徳島県	363421	名西郡 神山町	33.967225	134.350531
360007	徳島県	363685	那賀郡 那賀町	33.857497	134.496736
360007	徳島県	363839	海部郡 牟岐町	33.668312	134.420661
360007	徳島県	363871	海部郡 美波町	33.734573	134.535413
360007	徳島県	363880	海部郡 海陽町	33.602043	134.351866
360007	徳島県	364011	板野郡 松茂町	34.133849	134.580537
360007	徳島県	364029	板野郡 北島町	34.125594	134.546985
360007	徳島県	364037	板野郡 藍住町	34.126776	134.495112
360007	徳島県	364045	板野郡 板野町	34.144364	134.462616
360007	徳島県	364053	板野郡 上板町	34.121365	134.404999
360007	徳島県	364681	美馬郡 つるぎ町	34.037307	134.064051
360007	徳島県	364894	三好郡 東みよし町	34.036785	133.93676
370002	香川県	372013	高松市	34.342791	134.046574
370002	香川県	372021	丸亀市	34.289878	133.798708
370002	香川県	372030	坂出市	34.316478	133.860502
370002	香川県	372048	善通寺市	34.228417	133.787153
370002	香川県	372056	観音寺市	34.12737	133.661597
370002	香川県	372064	さぬき市	34.32521	134.171989
370002	香川県	372072	東かがわ市	34.243803	134.358837
370002	香川県	372081	三豊市	34.182556	133.71520300000003
370002	香川県	373222	小豆郡 土庄町	34.486626	134.188626
370002	香川県	373249	小豆郡 小豆島町	34.479684000000006	134.308875
370002	香川県	373419	木田郡 三木町	34.268355	134.134363
370002	香川県	373648	香川郡 直島町	34.45983	133.995638
370002	香川県	373869	綾歌郡 宇多津町	34.310301	133.825566
370002	香川県	373877	綾歌郡 綾川町	34.249613	133.923099
370002	香川県	374032	仲多度郡 琴平町	34.19142	133.823303
370002	香川県	374041	仲多度郡 多度津町	34.272919	133.758668
370002	香川県	374067	仲多度郡 まんのう町	34.192334	133.841393
380008	愛媛県	382019	松山市	33.839157	132.765556
380008	愛媛県	382027	今治市	34.066043	132.997658
380008	愛媛県	382035	宇和島市	33.22334	132.560563
380008	愛媛県	382043	八幡浜市	33.462898	132.423334
380008	愛媛県	382051	新居浜市	33.960329	133.283379
380008	愛媛県	382060	西条市	33.919615	133.181186
380008	愛媛県	382078	大洲市	33.506285	132.544514
380008	愛媛県	382108	伊予市	33.757461	132.703778
380008	愛媛県	382132	四国中央市	33.980694	133.549188
380008	愛媛県	382141	西予市	33.363017	132.51096700000002
380008	愛媛県	382159	東温市	33.791027	132.872299
380008	愛媛県	383562	越智郡 上島町	34.257467	133.204492
380008	愛媛県	383864	上浮穴郡 久万高原町	33.655603	132.901665
380008	愛媛県	384011	伊予郡 松前町	33.787479	132.711364
380008	愛媛県	384020	伊予郡 砥部町	33.74926	132.792233
380008	愛媛県	384224	喜多郡 内子町	33.532937	132.658083
380008	愛媛県	384429	西宇和郡 伊方町	33.488593	132.353998
380008	愛媛県	384844	北宇和郡 松野町	33.22715	132.710935
380008	愛媛県	384887	北宇和郡 鬼北町	33.255792	132.684032
380008	愛媛県	385069	南宇和郡 愛南町	32.962168000000005	132.583326
390003	高知県	392014	高知市	33.558788	133.531166
390003	高知県	392022	室戸市	33.289955	134.151981
390003	高知県	392031	安芸市	33.502416	133.907074
390003	高知県	392049	南国市	33.575673	133.64146
390003	高知県	392057	土佐市	33.496012	133.425326
390003	高知県	392065	須崎市	33.400745	133.282959
390003	高知県	392081	宿毛市	32.933992	132.70205
390003	高知県	392090	土佐清水市	32.781603	132.9551
390003	高知県	392103	四万十市	32.991385	132.93375
390003	高知県	392111	香南市	33.564124	133.700543
390003	高知県	392120	香美市	33.60386	133.686245
390003	高知県	393011	安芸郡 東洋町	33.527976	134.279968
390003	高知県	393029	安芸郡 奈半利町	33.424179	134.020957
390003	高知県	393037	安芸郡 田野町	33.427713	134.008209
390003	高知県	393045	安芸郡 安田町	33.438601	133.98108
390003	高知県	393053	安芸郡 北川村	33.447694	134.042069
390003	高知県	393061	安芸郡 馬路村	33.555347	134.048114
390003	高知県	393070	安芸郡 芸西村	33.526915	133.808942
390003	高知県	393410	長岡郡 本山町	33.759642	133.586728
390003	高知県	393444	長岡郡 大豊町	33.768535	133.642958
390003	高知県	393631	土佐郡 土佐町	33.736896	133.532107
390003	高知県	393649	土佐郡 大川村	33.783927	133.46661300000002
390003	高知県	393860	吾川郡 いの町	33.548689	133.427583
390003	高知県	393878	吾川郡 仁淀川町	33.575226	133.171104
390003	高知県	394017	高岡郡 中土佐町	33.329246	133.224823
390003	高知県	394025	高岡郡 佐川町	33.500809	133.286642
390003	高知県	394033	高岡郡 越知町	33.532848	133.252221
390003	高知県	394050	高岡郡 檮原町	33.39217	132.927065
390003	高知県	394106	高岡郡 日高村	33.534833	133.373342
390003	高知県	394114	高岡郡 津野町	33.446666	133.199377
390003	高知県	394122	高岡郡 四万十町	33.211574	133.137018
390003	高知県	394246	幡多郡 大月町	32.841534	132.707092
390003	高知県	394271	幡多郡 三原村	32.906019	132.847233
390003	高知県	394289	幡多郡 黒潮町	33.024929	133.004184
400009	福岡県	401013	北九州市 門司区	33.941238	130.959546
400009	福岡県	401030	北九州市 若松区	33.905435	130.811221
400009	福岡県	401056	北九州市 戸畑区	33.893442	130.8298
400009	福岡県	401064	北九州市 小倉北区	33.88089	130.873361
400009	福岡県	401072	北九州市 小倉南区	33.846525	130.884808
400009	福岡県	401081	北九州市 八幡東区	33.86354	130.811892
400009	福岡県	401099	北九州市 八幡西区	33.866505	130.765167
400009	福岡県	401315	福岡市 東区	33.617744	130.417363
400009	福岡県	401323	福岡市 博多区	33.590787	130.414372
400009	福岡県	401331	福岡市 中央区	33.589238	130.392819
400009	福岡県	401340	福岡市 南区	33.561561	130.426442
400009	福岡県	401358	福岡市 西区	33.582917	130.323133
400009	福岡県	401366	福岡市 城南区	33.575686	130.369912
400009	福岡県	401374	福岡市 早良区	33.581944	130.348409
400009	福岡県	402028	大牟田市	33.030248	130.446058
400009	福岡県	402036	久留米市	33.319286	130.508371
400009	福岡県	402044	直方市	33.744181	130.729652
400009	福岡県	402052	飯塚市	33.646083	130.691422
400009	福岡県	402061	田川市	33.63876	130.806298
400009	福岡県	402079	柳川市	33.163064	130.405739
400009	福岡県	402109	八女市	33.211952	130.557912
400009	福岡県	402117	筑後市	33.212246	130.502151
400009	福岡県	402125	大川市	33.206622	130.383922
400009	福岡県	402133	行橋市	33.72876191	130.9829633
400009	福岡県	402141	豊前市	33.611538	131.129941
400009	福岡県	402150	中間市	33.816699	130.709026
400009	福岡県	402168	小郡市	33.39645	130.555541
400009	福岡県	402176	筑紫野市	33.487473	130.526038
400009	福岡県	402184	春日市	33.532629	130.470368
400009	福岡県	402192	大野城市	33.53629	130.478697
400009	福岡県	402206	宗像市	33.805448	130.540651
400009	福岡県	402214	太宰府市	33.512835	130.523876
400009	福岡県	402231	古賀市	33.728664	130.469995
400009	福岡県	402249	福津市	33.766897	130.491038
400009	福岡県	402257	うきは市	33.347305	130.754928
400009	福岡県	402265	宮若市	33.723523	130.666716
400009	福岡県	402273	嘉麻市	33.598437	130.719189
400009	福岡県	402281	朝倉市	33.423412	130.665573
400009	福岡県	402290	みやま市	33.152434	130.474734
400009	福岡県	402303	糸島市	33.55745	130.1955
400009	福岡県	402311	那珂川市	33.499597	130.4222
400009	福岡県	403415	糟屋郡 宇美町	33.567768	130.511208
400009	福岡県	403423	糟屋郡 篠栗町	33.623869	130.526207
400009	福岡県	403431	糟屋郡 志免町	33.591503	130.479807
400009	福岡県	403440	糟屋郡 須恵町	33.587268	130.507234
400009	福岡県	403458	糟屋郡 新宮町	33.71531300000001	130.446567
400009	福岡県	403482	糟屋郡 久山町	33.646726	130.499906
400009	福岡県	403491	糟屋郡 粕屋町	33.610854	130.480582
400009	福岡県	403814	遠賀郡 芦屋町	33.893862	130.663874
400009	福岡県	403822	遠賀郡 水巻町	33.85485	130.694783
400009	福岡県	403831	遠賀郡 岡垣町	33.853491	130.611749
400009	福岡県	403849	遠賀郡 遠賀町	33.848166	130.668341
400009	福岡県	404012	鞍手郡 小竹町	33.696521	130.707988
400009	福岡県	404021	鞍手郡 鞍手町	33.792112	130.674008
400009	福岡県	404217	嘉穂郡 桂川町	33.578889000000004	130.678118
400009	福岡県	404471	朝倉郡 筑前町	33.457033	130.595183
400009	福岡県	404489	朝倉郡 東峰村	33.39731400000001	130.869919
400009	福岡県	405035	三井郡 大刀洗町	33.372425	130.622454
400009	福岡県	405221	三潴郡 大木町	33.210453	130.439806
400009	福岡県	405442	八女郡 広川町	33.241499	130.551416
400009	福岡県	406015	田川郡 香春町	33.668006000000005	130.847401
400009	福岡県	406023	田川郡 添田町	33.571816	130.854088
400009	福岡県	406040	田川郡 糸田町	33.652736	130.778958
400009	福岡県	406058	田川郡 川崎町	33.599956	130.814915
400009	福岡県	406082	田川郡 大任町	33.612164	130.853742
400009	福岡県	406091	田川郡 赤村	33.616692	130.870855
400009	福岡県	406104	田川郡 福智町	33.683263	130.78012
400009	福岡県	406210	京都郡 苅田町	33.776006	130.980475
400009	福岡県	406252	京都郡 みやこ町	33.699236	130.920096
400009	福岡県	406422	築上郡 吉富町	33.602643	131.175951
400009	福岡県	406465	築上郡 上毛町	33.578425	131.164207
400009	福岡県	406473	築上郡 築上町	33.656146	131.05604
410004	佐賀県	412015	佐賀市	33.263543	130.300835
410004	佐賀県	412023	唐津市	33.450103	129.96797
410004	佐賀県	412031	鳥栖市	33.377758	130.506244
410004	佐賀県	412040	多久市	33.288513	130.110061
410004	佐賀県	412058	伊万里市	33.264741	129.880702
410004	佐賀県	412066	武雄市	33.194733	130.021171
410004	佐賀県	412074	鹿島市	33.103804	130.098603
410004	佐賀県	412082	小城市	33.273776	130.21728
410004	佐賀県	412091	嬉野市	33.128092	130.06012
410004	佐賀県	412104	神埼市	33.31153100000001	130.371811
410004	佐賀県	413275	神埼郡 吉野ヶ里町	33.321148	130.398753
410004	佐賀県	413411	三養基郡 基山町	33.426944	130.523052
410004	佐賀県	413453	三養基郡 上峰町	33.319626	130.426137
410004	佐賀県	413461	三養基郡 みやき町	33.324943	130.45459
410004	佐賀県	413879	東松浦郡 玄海町	33.472164	129.874689
410004	佐賀県	414018	西松浦郡 有田町	33.210574	129.849014
410004	佐賀県	414239	杵島郡 大町町	33.213871	130.116032
410004	佐賀県	414247	杵島郡 江北町	33.220464	130.15731
410004	佐賀県	414255	杵島郡 白石町	33.18108200000001	130.143493
410004	佐賀県	414417	藤津郡 太良町	33.019436	130.179126
420000	長崎県	422011	長崎市	32.749547	129.879636
420000	長崎県	422029	佐世保市	33.17990418	129.7150901
420000	長崎県	422037	島原市	32.78812	130.370526
420000	長崎県	422045	諫早市	32.844208	130.053601
420000	長崎県	422053	大村市	32.89996	129.958217
420000	長崎県	422070	平戸市	33.368065	129.553671
420000	長崎県	422088	松浦市	33.341023	129.709047
420000	長崎県	422096	対馬市	34.202643	129.287518
420000	長崎県	422100	壱岐市	33.749978	129.691377
420000	長崎県	422118	五島市	32.695541	128.840815
420000	長崎県	422126	西海市	32.933117	129.642962
420000	長崎県	422134	雲仙市	32.835214	130.187508
420000	長崎県	422142	南島原市	32.659716	130.29778300000004
420000	長崎県	423076	西彼杵郡 長与町	32.82517	129.875071
420000	長崎県	423084	西彼杵郡 時津町	32.828885	129.848527
420000	長崎県	423211	東彼杵郡 東彼杵町	33.037031000000006	129.917149
420000	長崎県	423220	東彼杵郡 川棚町	33.072679	129.86156200000002
420000	長崎県	423238	東彼杵郡 波佐見町	33.137890000000006	129.895548
420000	長崎県	423831	北松浦郡 小値賀町	33.191074	129.058766
420000	長崎県	423912	北松浦郡 佐々町	33.238426	129.650353
420000	長崎県	424111	南松浦郡 新上五島町	32.984553	129.073401
430005	熊本県	431010	熊本市 中央区	32.803218	130.708223
430005	熊本県	431028	熊本市 東区	32.78053	130.768061
430005	熊本県	431036	熊本市 西区	32.776371	130.647562
430005	熊本県	431044	熊本市 南区	32.71536	130.678922
430005	熊本県	431052	熊本市 北区	32.903561	130.694263
430005	熊本県	432024	八代市	32.507412	130.601888
430005	熊本県	432032	人吉市	32.20572	130.76028
430005	熊本県	432041	荒尾市	32.986838	130.433036
430005	熊本県	432059	水俣市	32.211883	130.408725
430005	熊本県	432067	玉名市	32.935244	130.562773
430005	熊本県	432083	山鹿市	33.016728	130.691297
430005	熊本県	432105	菊池市	32.979485	130.813241
430005	熊本県	432113	宇土市	32.687292	130.658562
430005	熊本県	432121	上天草市	32.587422	130.430405
430005	熊本県	432130	宇城市	32.647814	130.684287
430005	熊本県	432148	阿蘇市	32.951869	131.121031
430005	熊本県	432156	天草市	32.458621	130.19301
430005	熊本県	432164	合志市	32.885996	130.789726
430005	熊本県	433489	下益城郡 美里町	32.639609	130.789007
430005	熊本県	433641	玉名郡 玉東町	32.918905	130.628593
430005	熊本県	433675	玉名郡 南関町	33.0595	130.543547
430005	熊本県	433683	玉名郡 長洲町	32.929756	130.4527
430005	熊本県	433691	玉名郡 和水町	32.978158	130.60581300000004
430005	熊本県	434035	菊池郡 大津町	32.87899	130.868284
430005	熊本県	434043	菊池郡 菊陽町	32.862515	130.828654
430005	熊本県	434230	阿蘇郡 南小国町	33.098192	131.070724
430005	熊本県	434248	阿蘇郡 小国町	33.121568	131.068157
430005	熊本県	434256	阿蘇郡 産山村	32.995747	131.216799
430005	熊本県	434281	阿蘇郡 高森町	32.827271	131.122023
430005	熊本県	434329	阿蘇郡 西原村	32.834719	130.903036
430005	熊本県	434337	阿蘇郡 南阿蘇村	32.845116	131.01770800000003
430005	熊本県	434418	上益城郡 御船町	32.714585	130.801821
430005	熊本県	434426	上益城郡 嘉島町	32.74007245	130.7573034
430005	熊本県	434434	上益城郡 益城町	32.791397	130.816418
430005	熊本県	434442	上益城郡 甲佐町	32.651356	130.811466
430005	熊本県	434477	上益城郡 山都町	32.685448	130.990425
430005	熊本県	434680	八代郡 氷川町	32.582402	130.67375300000003
430005	熊本県	434825	葦北郡 芦北町	32.299102	130.493119
430005	熊本県	434841	葦北郡 津奈木町	32.233892	130.439621
430005	熊本県	435015	球磨郡 錦町	32.200987	130.840902
430005	熊本県	435058	球磨郡 多良木町	32.264039	130.935795
430005	熊本県	435066	球磨郡 湯前町	32.276144	130.980987
430005	熊本県	435074	球磨郡 水上村	32.314379	131.009541
430005	熊本県	435104	球磨郡 相良村	32.23526	130.797985
430005	熊本県	435112	球磨郡 五木村	32.397343	130.827833
430005	熊本県	435121	球磨郡 山江村	32.246465	130.767136
430005	熊本県	435139	球磨郡 球磨村	32.252621	130.651274
430005	熊本県	435147	球磨郡 あさぎり町	32.240321	130.897827
430005	熊本県	435317	天草郡 苓北町	32.513413	130.05472
440001	大分県	442011	大分市	33.239526	131.609377
440001	大分県	442020	別府市	33.284642	131.491328
440001	大分県	442038	中津市	33.598302	131.18824
440001	大分県	442046	日田市	33.321041	130.94131
440001	大分県	442054	佐伯市	32.960204	131.899499
440001	大分県	442062	臼杵市	33.125948	131.804638
440001	大分県	442071	津久見市	33.072339	131.861219
440001	大分県	442089	竹田市	32.973673	131.397838
440001	大分県	442097	豊後高田市	33.556238	131.44699
440001	大分県	442101	杵築市	33.417029	131.616089
440001	大分県	442119	宇佐市	33.531972	131.349545
440001	大分県	442127	豊後大野市	32.977555	131.584105
440001	大分県	442135	由布市	33.179996	131.426792
440001	大分県	442143	国東市	33.56331	131.732238
440001	大分県	443221	東国東郡 姫島村	33.724536	131.645143
440001	大分県	443417	速見郡 日出町	33.369442	131.532536
440001	大分県	444618	玖珠郡 九重町	33.228521	131.18879700000002
440001	大分県	444626	玖珠郡 玖珠町	33.283135	131.151553
450006	宮崎県	452017	宮崎市	31.907675999999995	131.420244
450006	宮崎県	452025	都城市	31.719519	131.061497
450006	宮崎県	452033	延岡市	32.582401	131.664859
450006	宮崎県	452041	日南市	31.601931999999998	131.378731
450006	宮崎県	452050	小林市	31.996657	130.972674
450006	宮崎県	452068	日向市	32.422947	131.623962
450006	宮崎県	452076	串間市	31.464539	131.228306
450006	宮崎県	452084	西都市	32.108562	131.401266
450006	宮崎県	452092	えびの市	32.045347	130.810841
450006	宮崎県	453412	北諸県郡 三股町	31.730686000000002	131.12492
450006	宮崎県	453617	西諸県郡 高原町	31.928413000000003	131.00787
450006	宮崎県	453820	東諸県郡 国富町	31.990646000000005	131.323535
450006	宮崎県	453838	東諸県郡 綾町	31.999135000000003	131.253182
450006	宮崎県	454010	児湯郡 高鍋町	32.12799	131.503341
450006	宮崎県	454028	児湯郡 新富町	32.068937	131.487984
450006	宮崎県	454036	児湯郡 西米良村	32.226354	131.154452
450006	宮崎県	454044	児湯郡 木城町	32.163784	131.473354
450006	宮崎県	454052	児湯郡 川南町	32.192009	131.525816
450006	宮崎県	454061	児湯郡 都農町	32.256434	131.55969
450006	宮崎県	454214	東臼杵郡 門川町	32.470894	131.646461
450006	宮崎県	454290	東臼杵郡 諸塚村	32.512184	131.330319
450006	宮崎県	454303	東臼杵郡 椎葉村	32.466712	131.157554
450006	宮崎県	454311	東臼杵郡 美郷町	32.440256	131.423106
450006	宮崎県	454419	西臼杵郡 高千穂町	32.711651	131.307871
450006	宮崎県	454427	西臼杵郡 日之影町	32.659411	131.380922
450006	宮崎県	454435	西臼杵郡 五ヶ瀬町	32.682915	131.196247
460001	鹿児島県	462012	鹿児島市	31.596789	130.557339
460001	鹿児島県	462039	鹿屋市	31.378268	130.852223
460001	鹿児島県	462047	枕崎市	31.272922000000005	130.296991
460001	鹿児島県	462063	阿久根市	32.014364	130.192622
460001	鹿児島県	462080	出水市	32.090458	130.352647
460001	鹿児島県	462101	指宿市	31.252805	130.633118
460001	鹿児島県	462136	西之表市	30.732453000000003	130.99703500000004
460001	鹿児島県	462144	垂水市	31.492757999999995	130.70093
460001	鹿児島県	462152	薩摩川内市	31.813485999999997	130.30395
460001	鹿児島県	462161	日置市	31.633709	130.402436
460001	鹿児島県	462179	曽於市	31.653622	131.019255
460001	鹿児島県	462187	霧島市	31.741015000000004	130.763136
460001	鹿児島県	462195	いちき串木野市	31.714542	130.27193400000002
460001	鹿児島県	462209	南さつま市	31.416569999999997	130.323494
460001	鹿児島県	462217	志布志市	31.477446000000004	131.099752
460001	鹿児島県	462225	奄美市	28.377273	129.49378
460001	鹿児島県	462233	南九州市	31.378251	130.441623
460001	鹿児島県	462241	伊佐市	32.057152	130.612934
460001	鹿児島県	462250	姶良市	31.728213	130.627758
460001	鹿児島県	463035	鹿児島郡 三島村	31.594533	130.560735
460001	鹿児島県	463043	鹿児島郡 十島村	31.593157	130.560588
460001	鹿児島県	463922	薩摩郡 さつま町	31.906331	130.45534
460001	鹿児島県	464040	出水郡 長島町	32.19932	130.176919
460001	鹿児島県	464520	姶良郡 湧水町	31.951654000000005	130.721025
460001	鹿児島県	464686	曽於郡 大崎町	31.429102000000004	131.005592
460001	鹿児島県	464821	肝属郡 東串良町	31.38579	130.973339
460001	鹿児島県	464902	肝属郡 錦江町	31.243572	130.787485
460001	鹿児島県	464911	肝属郡 南大隅町	31.217205000000003	130.768061
460001	鹿児島県	464929	肝属郡 肝付町	31.344362	130.945223
460001	鹿児島県	465011	熊毛郡 中種子町	30.532821	130.958847
460001	鹿児島県	465020	熊毛郡 南種子町	30.413916	130.900867
460001	鹿児島県	465054	熊毛郡 屋久島町	30.390044	130.651297
460001	鹿児島県	465232	大島郡 大和村	28.358076	129.395262
460001	鹿児島県	465241	大島郡 宇検村	28.280773	129.29720800000004
460001	鹿児島県	465259	大島郡 瀬戸内町	28.146484	129.314734
460001	鹿児島県	465275	大島郡 龍郷町	28.4133	129.589355
460001	鹿児島県	465291	大島郡 喜界町	28.316838	129.940035
460001	鹿児島県	465305	大島郡 徳之島町	27.726621	129.018504
460001	鹿児島県	465313	大島郡 天城町	27.81166	128.897749
460001	鹿児島県	465321	大島郡 伊仙町	27.673583	128.937584
460001	鹿児島県	465330	大島郡 和泊町	27.392559	128.655253
460001	鹿児島県	465348	大島郡 知名町	27.333676	128.573732
460001	鹿児島県	465356	大島郡 与論町	27.044917	128.421587
470007	沖縄県	472018	那覇市	26.212295	127.679218
470007	沖縄県	472051	宜野湾市	26.281581	127.77863699999999
470007	沖縄県	472077	石垣市	24.344467	124.18525299999999
470007	沖縄県	472085	浦添市	26.245816	127.721804
470007	沖縄県	472093	名護市	26.591555	127.97747400000002
470007	沖縄県	472107	糸満市	26.123542	127.66582299999999
470007	沖縄県	472115	沖縄市	26.334354	127.80569400000002
470007	沖縄県	472123	豊見城市	26.177142	127.681233
470007	沖縄県	472131	うるま市	26.379151	127.85748
470007	沖縄県	472140	宮古島市	24.789929	125.294722
470007	沖縄県	472158	南城市	26.163142	127.770626
470007	沖縄県	473014	国頭郡 国頭村	26.745638	128.177907
470007	沖縄県	473022	国頭郡 大宜味村	26.701712	128.120159
470007	沖縄県	473031	国頭郡 東村	26.633284	128.15687
470007	沖縄県	473065	国頭郡 今帰仁村	26.682527000000004	127.97273899999999
470007	沖縄県	473081	国頭郡 本部町	26.658035	127.898175
470007	沖縄県	473111	国頭郡 恩納村	26.497502	127.85357
470007	沖縄県	473138	国頭郡 宜野座村	26.481585	127.97561500000002
470007	沖縄県	473146	国頭郡 金武町	26.456137	127.926011
470007	沖縄県	473154	国頭郡 伊江村	26.71349	127.807014
470007	沖縄県	473243	中頭郡 読谷村	26.396154	127.74442400000001
470007	沖縄県	473251	中頭郡 嘉手納町	26.361723	127.75537999999999
470007	沖縄県	473260	中頭郡 北谷町	26.320069	127.76390099999999
470007	沖縄県	473278	中頭郡 北中城村	26.301079000000005	127.793027
470007	沖縄県	473286	中頭郡 中城村	26.261986	127.78960500000001
470007	沖縄県	473294	中頭郡 西原町	26.222856	127.758819
470007	沖縄県	473481	島尻郡 与那原町	26.199502	127.75479400000002
470007	沖縄県	473502	島尻郡 南風原町	26.191122	127.728554
470007	沖縄県	473537	島尻郡 渡嘉敷村	26.197331	127.364289
470007	沖縄県	473545	島尻郡 座間味村	26.228949	127.30320499999999
470007	沖縄県	473553	島尻郡 粟国村	26.581744	127.228863
470007	沖縄県	473561	島尻郡 渡名喜村	26.372110000000003	127.14112199999998
470007	沖縄県	473570	島尻郡 南大東村	25.828903	131.231872
470007	沖縄県	473588	島尻郡 北大東村	25.945712000000004	131.298917
470007	沖縄県	473596	島尻郡 伊平屋村	27.039169	127.96861999999999
470007	沖縄県	473600	島尻郡 伊是名村	26.924069	127.941188
470007	沖縄県	473618	島尻郡 久米島町	26.340669	126.80502100000001
470007	沖縄県	473626	島尻郡 八重瀬町	26.158192	127.71864500000001
470007	沖縄県	473758	宮古郡 多良間村	24.669449	124.701693
470007	沖縄県	473812	八重山郡 竹富町	24.339763	124.154437
470007	沖縄県	473821	八重山郡 与那国町	24.468034	123.004496
